file,line,type,commit,author,date,time,timezone,datetime,depth,length
style.css,1,css,96a3d3d0,Matthew Lee,2026-04-11,17:50:22,-07:00,2026-04-11T17:50:22-07:00,0,5
style.css,2,css,471d3132,Matthew Lee,2026-04-11,18:45:33,-07:00,2026-04-11T18:45:33-07:00,1,22
style.css,3,css,96a3d3d0,Matthew Lee,2026-04-11,17:50:22,-07:00,2026-04-11T17:50:22-07:00,0,0
style.css,4,css,96a3d3d0,Matthew Lee,2026-04-11,17:50:22,-07:00,2026-04-11T17:50:22-07:00,0,0
style.css,5,css,96a3d3d0,Matthew Lee,2026-04-11,17:50:22,-07:00,2026-04-11T17:50:22-07:00,0,4
style.css,6,css,26ea7ee3,Matthew Lee,2026-04-17,20:57:31,-07:00,2026-04-17T20:57:31-07:00,1,23
style.css,7,css,96a3d3d0,Matthew Lee,2026-04-11,17:50:22,-07:00,2026-04-11T17:50:22-07:00,1,32
style.css,8,css,96a3d3d0,Matthew Lee,2026-04-11,17:50:22,-07:00,2026-04-11T17:50:22-07:00,0,0
style.css,9,css,96a3d3d0,Matthew Lee,2026-04-11,17:50:22,-07:00,2026-04-11T17:50:22-07:00,0,0
style.css,10,css,400e8a7f,Matthew Lee,2026-04-11,17:25:53,-07:00,2026-04-11T17:25:53-07:00,0,4
style.css,11,css,400e8a7f,Matthew Lee,2026-04-11,17:25:53,-07:00,2026-04-11T17:25:53-07:00,1,70
style.css,12,css,400e8a7f,Matthew Lee,2026-04-11,17:25:53,-07:00,2026-04-11T17:25:53-07:00,1,23
style.css,13,css,256f4104,Matthew Lee,2026-04-11,17:45:27,-07:00,2026-04-11T17:45:27-07:00,1,15
style.css,14,css,471d3132,Matthew Lee,2026-04-11,18:45:33,-07:00,2026-04-11T18:45:33-07:00,1,16
style.css,15,css,471d3132,Matthew Lee,2026-04-11,18:45:33,-07:00,2026-04-11T18:45:33-07:00,1,17
style.css,16,css,256f4104,Matthew Lee,2026-04-11,17:45:27,-07:00,2026-04-11T17:45:27-07:00,1,18
style.css,17,css,471d3132,Matthew Lee,2026-04-11,18:45:33,-07:00,2026-04-11T18:45:33-07:00,1,16
style.css,18,css,471d3132,Matthew Lee,2026-04-11,18:45:33,-07:00,2026-04-11T18:45:33-07:00,1,17
style.css,19,css,256f4104,Matthew Lee,2026-04-11,17:45:27,-07:00,2026-04-11T17:45:27-07:00,1,18
style.css,20,css,400e8a7f,Matthew Lee,2026-04-11,17:25:53,-07:00,2026-04-11T17:25:53-07:00,0,0
style.css,21,css,96a3d3d0,Matthew Lee,2026-04-11,17:50:22,-07:00,2026-04-11T17:50:22-07:00,0,0
style.css,22,css,96a3d3d0,Matthew Lee,2026-04-11,17:50:22,-07:00,2026-04-11T17:50:22-07:00,0,5
style.css,23,css,96a3d3d0,Matthew Lee,2026-04-11,17:50:22,-07:00,2026-04-11T17:50:22-07:00,0,6
style.css,24,css,96a3d3d0,Matthew Lee,2026-04-11,17:50:22,-07:00,2026-04-11T17:50:22-07:00,1,16
style.css,25,css,96a3d3d0,Matthew Lee,2026-04-11,17:50:22,-07:00,2026-04-11T17:50:22-07:00,0,0
style.css,26,css,96a3d3d0,Matthew Lee,2026-04-11,17:50:22,-07:00,2026-04-11T17:50:22-07:00,0,0
style.css,27,css,96a3d3d0,Matthew Lee,2026-04-11,17:50:22,-07:00,2026-04-11T17:50:22-07:00,0,3
style.css,28,css,26ea7ee3,Matthew Lee,2026-04-17,20:57:31,-07:00,2026-04-17T20:57:31-07:00,1,39
style.css,29,css,96a3d3d0,Matthew Lee,2026-04-11,17:50:22,-07:00,2026-04-11T17:50:22-07:00,1,12
style.css,30,css,96a3d3d0,Matthew Lee,2026-04-11,17:50:22,-07:00,2026-04-11T17:50:22-07:00,1,20
style.css,31,css,26ea7ee3,Matthew Lee,2026-04-17,20:57:31,-07:00,2026-04-17T20:57:31-07:00,1,43
style.css,32,css,96a3d3d0,Matthew Lee,2026-04-11,17:50:22,-07:00,2026-04-11T17:50:22-07:00,0,0
style.css,33,css,96a3d3d0,Matthew Lee,2026-04-11,17:50:22,-07:00,2026-04-11T17:50:22-07:00,0,0
style.css,34,css,96a3d3d0,Matthew Lee,2026-04-11,17:50:22,-07:00,2026-04-11T17:50:22-07:00,0,5
style.css,35,css,96a3d3d0,Matthew Lee,2026-04-11,17:50:22,-07:00,2026-04-11T17:50:22-07:00,1,6
style.css,36,css,96a3d3d0,Matthew Lee,2026-04-11,17:50:22,-07:00,2026-04-11T17:50:22-07:00,1,20
style.css,37,css,96a3d3d0,Matthew Lee,2026-04-11,17:50:22,-07:00,2026-04-11T17:50:22-07:00,1,13
style.css,38,css,96a3d3d0,Matthew Lee,2026-04-11,17:50:22,-07:00,2026-04-11T17:50:22-07:00,1,17
style.css,39,css,96a3d3d0,Matthew Lee,2026-04-11,17:50:22,-07:00,2026-04-11T17:50:22-07:00,1,13
style.css,40,css,96a3d3d0,Matthew Lee,2026-04-11,17:50:22,-07:00,2026-04-11T17:50:22-07:00,0,0
style.css,41,css,96a3d3d0,Matthew Lee,2026-04-11,17:50:22,-07:00,2026-04-11T17:50:22-07:00,0,0
style.css,42,css,96a3d3d0,Matthew Lee,2026-04-11,17:50:22,-07:00,2026-04-11T17:50:22-07:00,0,13
style.css,43,css,26ea7ee3,Matthew Lee,2026-04-17,20:57:31,-07:00,2026-04-17T20:57:31-07:00,1,45
style.css,44,css,96a3d3d0,Matthew Lee,2026-04-11,17:50:22,-07:00,2026-04-11T17:50:22-07:00,1,20
style.css,45,css,96a3d3d0,Matthew Lee,2026-04-11,17:50:22,-07:00,2026-04-11T17:50:22-07:00,0,0
style.css,46,css,96a3d3d0,Matthew Lee,2026-04-11,17:50:22,-07:00,2026-04-11T17:50:22-07:00,0,0
style.css,47,css,96a3d3d0,Matthew Lee,2026-04-11,17:50:22,-07:00,2026-04-11T17:50:22-07:00,0,11
style.css,48,css,96a3d3d0,Matthew Lee,2026-04-11,17:50:22,-07:00,2026-04-11T17:50:22-07:00,1,45
style.css,49,css,26ea7ee3,Matthew Lee,2026-04-17,20:57:31,-07:00,2026-04-17T20:57:31-07:00,1,69
style.css,50,css,96a3d3d0,Matthew Lee,2026-04-11,17:50:22,-07:00,2026-04-11T17:50:22-07:00,1,20
style.css,51,css,96a3d3d0,Matthew Lee,2026-04-11,17:50:22,-07:00,2026-04-11T17:50:22-07:00,0,0
style.css,52,css,3a3a0fd3,Matthew Lee,2026-04-11,18:53:49,-07:00,2026-04-11T18:53:49-07:00,0,0
style.css,53,css,26ea7ee3,Matthew Lee,2026-04-17,20:57:31,-07:00,2026-04-17T20:57:31-07:00,0,13
style.css,54,css,188f6bc9,Matthew Lee,2026-04-17,21:13:45,-07:00,2026-04-17T21:13:45-07:00,1,10
style.css,55,css,26ea7ee3,Matthew Lee,2026-04-17,20:57:31,-07:00,2026-04-17T20:57:31-07:00,1,13
style.css,56,css,26ea7ee3,Matthew Lee,2026-04-17,20:57:31,-07:00,2026-04-17T20:57:31-07:00,1,12
style.css,57,css,188f6bc9,Matthew Lee,2026-04-17,21:13:45,-07:00,2026-04-17T21:13:45-07:00,1,24
style.css,58,css,26ea7ee3,Matthew Lee,2026-04-17,20:57:31,-07:00,2026-04-17T20:57:31-07:00,1,18
style.css,59,css,26ea7ee3,Matthew Lee,2026-04-17,20:57:31,-07:00,2026-04-17T20:57:31-07:00,1,9
style.css,60,css,188f6bc9,Matthew Lee,2026-04-17,21:13:45,-07:00,2026-04-17T21:13:45-07:00,1,17
style.css,61,css,26ea7ee3,Matthew Lee,2026-04-17,20:57:31,-07:00,2026-04-17T20:57:31-07:00,0,0
style.css,62,css,26ea7ee3,Matthew Lee,2026-04-17,20:57:31,-07:00,2026-04-17T20:57:31-07:00,0,0
style.css,63,css,3a3a0fd3,Matthew Lee,2026-04-11,18:53:49,-07:00,2026-04-11T18:53:49-07:00,0,4
style.css,64,css,3a3a0fd3,Matthew Lee,2026-04-11,18:53:49,-07:00,2026-04-11T18:53:49-07:00,0,7
style.css,65,css,26ea7ee3,Matthew Lee,2026-04-17,20:57:31,-07:00,2026-04-17T20:57:31-07:00,0,5
style.css,66,css,26ea7ee3,Matthew Lee,2026-04-17,20:57:31,-07:00,2026-04-17T20:57:31-07:00,0,6
style.css,67,css,3a3a0fd3,Matthew Lee,2026-04-11,18:53:49,-07:00,2026-04-11T18:53:49-07:00,1,12
style.css,68,css,3a3a0fd3,Matthew Lee,2026-04-11,18:53:49,-07:00,2026-04-11T18:53:49-07:00,0,0
style.css,69,css,3a3a0fd3,Matthew Lee,2026-04-11,18:53:49,-07:00,2026-04-11T18:53:49-07:00,0,0
style.css,70,css,3a3a0fd3,Matthew Lee,2026-04-11,18:53:49,-07:00,2026-04-11T18:53:49-07:00,0,4
style.css,71,css,3a3a0fd3,Matthew Lee,2026-04-11,18:53:49,-07:00,2026-04-11T18:53:49-07:00,1,12
style.css,72,css,3a3a0fd3,Matthew Lee,2026-04-11,18:53:49,-07:00,2026-04-11T18:53:49-07:00,1,30
style.css,73,css,3a3a0fd3,Matthew Lee,2026-04-11,18:53:49,-07:00,2026-04-11T18:53:49-07:00,1,7
style.css,74,css,3a3a0fd3,Matthew Lee,2026-04-11,18:53:49,-07:00,2026-04-11T18:53:49-07:00,0,0
style.css,75,css,3a3a0fd3,Matthew Lee,2026-04-11,18:53:49,-07:00,2026-04-11T18:53:49-07:00,0,0
style.css,76,css,3a3a0fd3,Matthew Lee,2026-04-11,18:53:49,-07:00,2026-04-11T18:53:49-07:00,0,10
style.css,77,css,3a3a0fd3,Matthew Lee,2026-04-11,18:53:49,-07:00,2026-04-11T18:53:49-07:00,1,12
style.css,78,css,3a3a0fd3,Matthew Lee,2026-04-11,18:53:49,-07:00,2026-04-11T18:53:49-07:00,1,29
style.css,79,css,3a3a0fd3,Matthew Lee,2026-04-11,18:53:49,-07:00,2026-04-11T18:53:49-07:00,1,18
style.css,80,css,3a3a0fd3,Matthew Lee,2026-04-11,18:53:49,-07:00,2026-04-11T18:53:49-07:00,0,0
style.css,81,css,3a3a0fd3,Matthew Lee,2026-04-11,18:53:49,-07:00,2026-04-11T18:53:49-07:00,0,0
style.css,82,css,3a3a0fd3,Matthew Lee,2026-04-11,18:53:49,-07:00,2026-04-11T18:53:49-07:00,0,9
style.css,83,css,3a3a0fd3,Matthew Lee,2026-04-11,18:53:49,-07:00,2026-04-11T18:53:49-07:00,0,12
style.css,84,css,3a3a0fd3,Matthew Lee,2026-04-11,18:53:49,-07:00,2026-04-11T18:53:49-07:00,0,11
style.css,85,css,3a3a0fd3,Matthew Lee,2026-04-11,18:53:49,-07:00,2026-04-11T18:53:49-07:00,1,10
style.css,86,css,3a3a0fd3,Matthew Lee,2026-04-11,18:53:49,-07:00,2026-04-11T18:53:49-07:00,1,21
style.css,87,css,3a3a0fd3,Matthew Lee,2026-04-11,18:53:49,-07:00,2026-04-11T18:53:49-07:00,0,0
style.css,88,css,3a3a0fd3,Matthew Lee,2026-04-11,18:53:49,-07:00,2026-04-11T18:53:49-07:00,0,0
style.css,89,css,3a3a0fd3,Matthew Lee,2026-04-11,18:53:49,-07:00,2026-04-11T18:53:49-07:00,0,11
style.css,90,css,3a3a0fd3,Matthew Lee,2026-04-11,18:53:49,-07:00,2026-04-11T18:53:49-07:00,1,18
style.css,91,css,3a3a0fd3,Matthew Lee,2026-04-11,18:53:49,-07:00,2026-04-11T18:53:49-07:00,0,0
style.css,92,css,42ad04e7,Matthew Lee,2026-04-11,18:58:05,-07:00,2026-04-11T18:58:05-07:00,0,0
style.css,93,css,42ad04e7,Matthew Lee,2026-04-11,18:58:05,-07:00,2026-04-11T18:58:05-07:00,0,9
style.css,94,css,42ad04e7,Matthew Lee,2026-04-11,18:58:05,-07:00,2026-04-11T18:58:05-07:00,1,12
style.css,95,css,42ad04e7,Matthew Lee,2026-04-11,18:58:05,-07:00,2026-04-11T18:58:05-07:00,1,58
style.css,96,css,42ad04e7,Matthew Lee,2026-04-11,18:58:05,-07:00,2026-04-11T18:58:05-07:00,1,7
style.css,97,css,f89acc9d,Matthew Lee,2026-05-01,16:41:55,-07:00,2026-05-01T16:41:55-07:00,1,17
style.css,98,css,42ad04e7,Matthew Lee,2026-04-11,18:58:05,-07:00,2026-04-11T18:58:05-07:00,0,0
style.css,99,css,42ad04e7,Matthew Lee,2026-04-11,18:58:05,-07:00,2026-04-11T18:58:05-07:00,0,0
style.css,100,css,42ad04e7,Matthew Lee,2026-04-11,18:58:05,-07:00,2026-04-11T18:58:05-07:00,0,19
style.css,101,css,f89acc9d,Matthew Lee,2026-05-01,16:41:55,-07:00,2026-05-01T16:41:55-07:00,1,12
style.css,102,css,f89acc9d,Matthew Lee,2026-05-01,16:41:55,-07:00,2026-05-01T16:41:55-07:00,1,21
style.css,103,css,7f3f8ed6,Matthew Lee,2026-05-01,16:52:57,-07:00,2026-05-01T16:52:57-07:00,1,10
style.css,104,css,2fdd6c45,Matthew Lee,2026-05-01,16:50:10,-07:00,2026-05-01T16:50:10-07:00,1,11
style.css,105,css,42ad04e7,Matthew Lee,2026-04-11,18:58:05,-07:00,2026-04-11T18:58:05-07:00,0,0
style.css,106,css,42ad04e7,Matthew Lee,2026-04-11,18:58:05,-07:00,2026-04-11T18:58:05-07:00,0,0
style.css,107,css,2fdd6c45,Matthew Lee,2026-05-01,16:50:10,-07:00,2026-05-01T16:50:10-07:00,0,14
style.css,108,css,42ad04e7,Matthew Lee,2026-04-11,18:58:05,-07:00,2026-04-11T18:58:05-07:00,1,8
style.css,109,css,2fdd6c45,Matthew Lee,2026-05-01,16:50:10,-07:00,2026-05-01T16:50:10-07:00,1,15
style.css,110,css,2fdd6c45,Matthew Lee,2026-05-01,16:50:10,-07:00,2026-05-01T16:50:10-07:00,1,16
style.css,111,css,42ad04e7,Matthew Lee,2026-04-11,18:58:05,-07:00,2026-04-11T18:58:05-07:00,0,0
style.css,112,css,42ad04e7,Matthew Lee,2026-04-11,18:58:05,-07:00,2026-04-11T18:58:05-07:00,0,0
style.css,113,css,2fdd6c45,Matthew Lee,2026-05-01,16:50:10,-07:00,2026-05-01T16:50:10-07:00,0,14
style.css,114,css,42ad04e7,Matthew Lee,2026-04-11,18:58:05,-07:00,2026-04-11T18:58:05-07:00,1,10
style.css,115,css,42ad04e7,Matthew Lee,2026-04-11,18:58:05,-07:00,2026-04-11T18:58:05-07:00,1,11
style.css,116,css,f89acc9d,Matthew Lee,2026-05-01,16:41:55,-07:00,2026-05-01T16:41:55-07:00,1,13
style.css,117,css,42ad04e7,Matthew Lee,2026-04-11,18:58:05,-07:00,2026-04-11T18:58:05-07:00,0,0
style.css,118,css,42ad04e7,Matthew Lee,2026-04-11,18:58:05,-07:00,2026-04-11T18:58:05-07:00,0,0
style.css,119,css,2fdd6c45,Matthew Lee,2026-05-01,16:50:10,-07:00,2026-05-01T16:50:10-07:00,0,19
style.css,120,css,2fdd6c45,Matthew Lee,2026-05-01,16:50:10,-07:00,2026-05-01T16:50:10-07:00,0,13
style.css,121,css,2fdd6c45,Matthew Lee,2026-05-01,16:50:10,-07:00,2026-05-01T16:50:10-07:00,1,8
style.css,122,css,2fdd6c45,Matthew Lee,2026-05-01,16:50:10,-07:00,2026-05-01T16:50:10-07:00,1,15
style.css,123,css,2fdd6c45,Matthew Lee,2026-05-01,16:50:10,-07:00,2026-05-01T16:50:10-07:00,1,15
style.css,124,css,2fdd6c45,Matthew Lee,2026-05-01,16:50:10,-07:00,2026-05-01T16:50:10-07:00,0,0
style.css,125,css,2fdd6c45,Matthew Lee,2026-05-01,16:50:10,-07:00,2026-05-01T16:50:10-07:00,0,0
style.css,126,css,7f3f8ed6,Matthew Lee,2026-05-01,16:52:57,-07:00,2026-05-01T16:52:57-07:00,0,13
style.css,127,css,7f3f8ed6,Matthew Lee,2026-05-01,16:52:57,-07:00,2026-05-01T16:52:57-07:00,1,17
style.css,128,css,7f3f8ed6,Matthew Lee,2026-05-01,16:52:57,-07:00,2026-05-01T16:52:57-07:00,0,0
style.css,129,css,7f3f8ed6,Matthew Lee,2026-05-01,16:52:57,-07:00,2026-05-01T16:52:57-07:00,0,0
style.css,130,css,42ad04e7,Matthew Lee,2026-04-11,18:58:05,-07:00,2026-04-11T18:58:05-07:00,0,2
style.css,131,css,42ad04e7,Matthew Lee,2026-04-11,18:58:05,-07:00,2026-04-11T18:58:05-07:00,1,14
style.css,132,css,42ad04e7,Matthew Lee,2026-04-11,18:58:05,-07:00,2026-04-11T18:58:05-07:00,0,0
style.css,133,css,42ad04e7,Matthew Lee,2026-04-11,18:58:05,-07:00,2026-04-11T18:58:05-07:00,0,0
style.css,134,css,42ad04e7,Matthew Lee,2026-04-11,18:58:05,-07:00,2026-04-11T18:58:05-07:00,0,1
style.css,135,css,42ad04e7,Matthew Lee,2026-04-11,18:58:05,-07:00,2026-04-11T18:58:05-07:00,0,1
style.css,136,css,42ad04e7,Matthew Lee,2026-04-11,18:58:05,-07:00,2026-04-11T18:58:05-07:00,0,1
style.css,137,css,42ad04e7,Matthew Lee,2026-04-11,18:58:05,-07:00,2026-04-11T18:58:05-07:00,0,1
style.css,138,css,42ad04e7,Matthew Lee,2026-04-11,18:58:05,-07:00,2026-04-11T18:58:05-07:00,0,1
style.css,139,css,42ad04e7,Matthew Lee,2026-04-11,18:58:05,-07:00,2026-04-11T18:58:05-07:00,0,2
style.css,140,css,42ad04e7,Matthew Lee,2026-04-11,18:58:05,-07:00,2026-04-11T18:58:05-07:00,1,15
style.css,141,css,42ad04e7,Matthew Lee,2026-04-11,18:58:05,-07:00,2026-04-11T18:58:05-07:00,1,17
style.css,142,css,42ad04e7,Matthew Lee,2026-04-11,18:58:05,-07:00,2026-04-11T18:58:05-07:00,0,0
style.css,143,css,ac3692e4,Matthew Lee,2026-05-01,16:45:15,-07:00,2026-05-01T16:45:15-07:00,0,0
style.css,144,css,2fdd6c45,Matthew Lee,2026-05-01,16:50:10,-07:00,2026-05-01T16:50:10-07:00,0,33
style.css,145,css,499f6140,Matthew Lee,2026-05-01,16:57:00,-07:00,2026-05-01T16:57:00-07:00,1,12
style.css,146,css,499f6140,Matthew Lee,2026-05-01,16:57:00,-07:00,2026-05-01T16:57:00-07:00,1,50
style.css,147,css,499f6140,Matthew Lee,2026-05-01,16:57:00,-07:00,2026-05-01T16:57:00-07:00,1,16
style.css,148,css,ac3692e4,Matthew Lee,2026-05-01,16:45:15,-07:00,2026-05-01T16:45:15-07:00,0,0
style.css,149,css,ac3692e4,Matthew Lee,2026-05-01,16:45:15,-07:00,2026-05-01T16:45:15-07:00,0,0
style.css,150,css,2fdd6c45,Matthew Lee,2026-05-01,16:50:10,-07:00,2026-05-01T16:50:10-07:00,0,27
style.css,151,css,499f6140,Matthew Lee,2026-05-01,16:57:00,-07:00,2026-05-01T16:57:00-07:00,1,8
style.css,152,css,499f6140,Matthew Lee,2026-05-01,16:57:00,-07:00,2026-05-01T16:57:00-07:00,1,9
style.css,153,css,2fdd6c45,Matthew Lee,2026-05-01,16:50:10,-07:00,2026-05-01T16:50:10-07:00,0,0
style.css,154,css,2fdd6c45,Matthew Lee,2026-05-01,16:50:10,-07:00,2026-05-01T16:50:10-07:00,0,0
style.css,155,css,2fdd6c45,Matthew Lee,2026-05-01,16:50:10,-07:00,2026-05-01T16:50:10-07:00,0,29
style.css,156,css,2fdd6c45,Matthew Lee,2026-05-01,16:50:10,-07:00,2026-05-01T16:50:10-07:00,0,29
style.css,157,css,ac3692e4,Matthew Lee,2026-05-01,16:45:15,-07:00,2026-05-01T16:45:15-07:00,1,8
style.css,158,css,ac3692e4,Matthew Lee,2026-05-01,16:45:15,-07:00,2026-05-01T16:45:15-07:00,0,0
style.css,159,css,2fdd6c45,Matthew Lee,2026-05-01,16:50:10,-07:00,2026-05-01T16:50:10-07:00,0,0
style.css,160,css,499f6140,Matthew Lee,2026-05-01,16:57:00,-07:00,2026-05-01T16:57:00-07:00,0,30
style.css,161,css,499f6140,Matthew Lee,2026-05-01,16:57:00,-07:00,2026-05-01T16:57:00-07:00,1,24
style.css,162,css,499f6140,Matthew Lee,2026-05-01,16:57:00,-07:00,2026-05-01T16:57:00-07:00,1,21
style.css,163,css,499f6140,Matthew Lee,2026-05-01,16:57:00,-07:00,2026-05-01T16:57:00-07:00,1,17
style.css,164,css,499f6140,Matthew Lee,2026-05-01,16:57:00,-07:00,2026-05-01T16:57:00-07:00,1,13
style.css,165,css,499f6140,Matthew Lee,2026-05-01,16:57:00,-07:00,2026-05-01T16:57:00-07:00,1,15
style.css,166,css,499f6140,Matthew Lee,2026-05-01,16:57:00,-07:00,2026-05-01T16:57:00-07:00,1,21
style.css,167,css,499f6140,Matthew Lee,2026-05-01,16:57:00,-07:00,2026-05-01T16:57:00-07:00,0,0
style.css,168,css,499f6140,Matthew Lee,2026-05-01,16:57:00,-07:00,2026-05-01T16:57:00-07:00,0,0
style.css,169,css,2fdd6c45,Matthew Lee,2026-05-01,16:50:10,-07:00,2026-05-01T16:50:10-07:00,0,29
style.css,170,css,499f6140,Matthew Lee,2026-05-01,16:57:00,-07:00,2026-05-01T16:57:00-07:00,1,16
style.css,171,css,499f6140,Matthew Lee,2026-05-01,16:57:00,-07:00,2026-05-01T16:57:00-07:00,1,13
style.css,172,css,499f6140,Matthew Lee,2026-05-01,16:57:00,-07:00,2026-05-01T16:57:00-07:00,1,15
style.css,173,css,2fdd6c45,Matthew Lee,2026-05-01,16:50:10,-07:00,2026-05-01T16:50:10-07:00,0,0
style.css,174,css,7f3f8ed6,Matthew Lee,2026-05-01,16:52:57,-07:00,2026-05-01T16:52:57-07:00,0,0
style.css,175,css,7f3f8ed6,Matthew Lee,2026-05-01,16:52:57,-07:00,2026-05-01T16:52:57-07:00,0,63
style.css,176,css,7f3f8ed6,Matthew Lee,2026-05-01,16:52:57,-07:00,2026-05-01T16:52:57-07:00,0,17
style.css,177,css,7f3f8ed6,Matthew Lee,2026-05-01,16:52:57,-07:00,2026-05-01T16:52:57-07:00,1,12
style.css,178,css,7f3f8ed6,Matthew Lee,2026-05-01,16:52:57,-07:00,2026-05-01T16:52:57-07:00,1,50
style.css,179,css,7f3f8ed6,Matthew Lee,2026-05-01,16:52:57,-07:00,2026-05-01T16:52:57-07:00,1,15
style.css,180,css,7f3f8ed6,Matthew Lee,2026-05-01,16:52:57,-07:00,2026-05-01T16:52:57-07:00,1,8
style.css,181,css,7f3f8ed6,Matthew Lee,2026-05-01,16:52:57,-07:00,2026-05-01T16:52:57-07:00,0,0
style.css,182,css,7f3f8ed6,Matthew Lee,2026-05-01,16:52:57,-07:00,2026-05-01T16:52:57-07:00,0,0
style.css,183,css,7f3f8ed6,Matthew Lee,2026-05-01,16:52:57,-07:00,2026-05-01T16:52:57-07:00,0,16
style.css,184,css,7f3f8ed6,Matthew Lee,2026-05-01,16:52:57,-07:00,2026-05-01T16:52:57-07:00,0,17
style.css,185,css,7f3f8ed6,Matthew Lee,2026-05-01,16:52:57,-07:00,2026-05-01T16:52:57-07:00,1,8
style.css,186,css,7f3f8ed6,Matthew Lee,2026-05-01,16:52:57,-07:00,2026-05-01T16:52:57-07:00,0,0
style.css,187,css,7f3f8ed6,Matthew Lee,2026-05-01,16:52:57,-07:00,2026-05-01T16:52:57-07:00,0,0
style.css,188,css,7f3f8ed6,Matthew Lee,2026-05-01,16:52:57,-07:00,2026-05-01T16:52:57-07:00,0,17
style.css,189,css,7f3f8ed6,Matthew Lee,2026-05-01,16:52:57,-07:00,2026-05-01T16:52:57-07:00,1,10
style.css,190,css,7f3f8ed6,Matthew Lee,2026-05-01,16:52:57,-07:00,2026-05-01T16:52:57-07:00,1,15
style.css,191,css,7f3f8ed6,Matthew Lee,2026-05-01,16:52:57,-07:00,2026-05-01T16:52:57-07:00,0,0
style.css,192,css,7f3f8ed6,Matthew Lee,2026-05-01,16:52:57,-07:00,2026-05-01T16:52:57-07:00,0,0
style.css,193,css,7f3f8ed6,Matthew Lee,2026-05-01,16:52:57,-07:00,2026-05-01T16:52:57-07:00,0,17
style.css,194,css,7f3f8ed6,Matthew Lee,2026-05-01,16:52:57,-07:00,2026-05-01T16:52:57-07:00,1,10
style.css,195,css,7f3f8ed6,Matthew Lee,2026-05-01,16:52:57,-07:00,2026-05-01T16:52:57-07:00,1,16
style.css,196,css,7f3f8ed6,Matthew Lee,2026-05-01,16:52:57,-07:00,2026-05-01T16:52:57-07:00,1,15
style.css,197,css,7f3f8ed6,Matthew Lee,2026-05-01,16:52:57,-07:00,2026-05-01T16:52:57-07:00,0,0
style.css,198,css,7f3f8ed6,Matthew Lee,2026-05-01,16:52:57,-07:00,2026-05-01T16:52:57-07:00,0,0
style.css,199,css,7f3f8ed6,Matthew Lee,2026-05-01,16:52:57,-07:00,2026-05-01T16:52:57-07:00,0,25
style.css,200,css,499f6140,Matthew Lee,2026-05-01,16:57:00,-07:00,2026-05-01T16:57:00-07:00,1,33
style.css,201,css,499f6140,Matthew Lee,2026-05-01,16:57:00,-07:00,2026-05-01T16:57:00-07:00,2,50
style.css,202,css,499f6140,Matthew Lee,2026-05-01,16:57:00,-07:00,2026-05-01T16:57:00-07:00,1,0
style.css,203,css,499f6140,Matthew Lee,2026-05-01,16:57:00,-07:00,2026-05-01T16:57:00-07:00,0,0
style.css,204,css,7f3f8ed6,Matthew Lee,2026-05-01,16:52:57,-07:00,2026-05-01T16:52:57-07:00,1,17
style.css,205,css,7f3f8ed6,Matthew Lee,2026-05-01,16:52:57,-07:00,2026-05-01T16:52:57-07:00,2,50
style.css,206,css,7f3f8ed6,Matthew Lee,2026-05-01,16:52:57,-07:00,2026-05-01T16:52:57-07:00,1,0
style.css,207,css,7f3f8ed6,Matthew Lee,2026-05-01,16:52:57,-07:00,2026-05-01T16:52:57-07:00,0,0
style.css,208,css,4cf89958,Matthew Lee,2026-05-01,17:04:35,-07:00,2026-05-01T17:04:35-07:00,0,0
style.css,209,css,4cf89958,Matthew Lee,2026-05-01,17:04:35,-07:00,2026-05-01T17:04:35-07:00,0,20
style.css,210,css,4cf89958,Matthew Lee,2026-05-01,17:04:35,-07:00,2026-05-01T17:04:35-07:00,1,12
style.css,211,css,4cf89958,Matthew Lee,2026-05-01,17:04:35,-07:00,2026-05-01T17:04:35-07:00,1,8
style.css,212,css,4cf89958,Matthew Lee,2026-05-01,17:04:35,-07:00,2026-05-01T17:04:35-07:00,1,17
style.css,213,css,4cf89958,Matthew Lee,2026-05-01,17:04:35,-07:00,2026-05-01T17:04:35-07:00,1,13
style.css,214,css,4cf89958,Matthew Lee,2026-05-01,17:04:35,-07:00,2026-05-01T17:04:35-07:00,0,0
style.css,215,css,4cf89958,Matthew Lee,2026-05-01,17:04:35,-07:00,2026-05-01T17:04:35-07:00,0,0
style.css,216,css,4cf89958,Matthew Lee,2026-05-01,17:04:35,-07:00,2026-05-01T17:04:35-07:00,0,19
style.css,217,css,4cf89958,Matthew Lee,2026-05-01,17:04:35,-07:00,2026-05-01T17:04:35-07:00,1,15
style.css,218,css,4cf89958,Matthew Lee,2026-05-01,17:04:35,-07:00,2026-05-01T17:04:35-07:00,1,16
style.css,219,css,4cf89958,Matthew Lee,2026-05-01,17:04:35,-07:00,2026-05-01T17:04:35-07:00,0,0
style.css,220,css,4cf89958,Matthew Lee,2026-05-01,17:04:35,-07:00,2026-05-01T17:04:35-07:00,0,0
style.css,221,css,4cf89958,Matthew Lee,2026-05-01,17:04:35,-07:00,2026-05-01T17:04:35-07:00,0,24
style.css,222,css,4cf89958,Matthew Lee,2026-05-01,17:04:35,-07:00,2026-05-01T17:04:35-07:00,1,14
style.css,223,css,fe1a36a8,Matthew Lee,2026-05-01,17:16:04,-07:00,2026-05-01T17:16:04-07:00,1,21
style.css,224,css,4cf89958,Matthew Lee,2026-05-01,17:04:35,-07:00,2026-05-01T17:04:35-07:00,0,0
style.css,225,css,4cf89958,Matthew Lee,2026-05-01,17:04:35,-07:00,2026-05-01T17:04:35-07:00,0,0
style.css,226,css,4cf89958,Matthew Lee,2026-05-01,17:04:35,-07:00,2026-05-01T17:04:35-07:00,0,52
style.css,227,css,4cf89958,Matthew Lee,2026-05-01,17:04:35,-07:00,2026-05-01T17:04:35-07:00,1,11
style.css,228,css,4cf89958,Matthew Lee,2026-05-01,17:04:35,-07:00,2026-05-01T17:04:35-07:00,0,0
style.css,229,css,4cf89958,Matthew Lee,2026-05-01,17:04:35,-07:00,2026-05-01T17:04:35-07:00,0,0
style.css,230,css,4cf89958,Matthew Lee,2026-05-01,17:04:35,-07:00,2026-05-01T17:04:35-07:00,0,33
style.css,231,css,fe1a36a8,Matthew Lee,2026-05-01,17:16:04,-07:00,2026-05-01T17:16:04-07:00,1,11
style.css,232,css,fe1a36a8,Matthew Lee,2026-05-01,17:16:04,-07:00,2026-05-01T17:16:04-07:00,1,16
style.css,233,css,fe1a36a8,Matthew Lee,2026-05-01,17:16:04,-07:00,2026-05-01T17:16:04-07:00,1,21
style.css,234,css,4cf89958,Matthew Lee,2026-05-01,17:04:35,-07:00,2026-05-01T17:04:35-07:00,0,0
style.css,235,css,4cf89958,Matthew Lee,2026-05-01,17:04:35,-07:00,2026-05-01T17:04:35-07:00,0,0
style.css,236,css,4cf89958,Matthew Lee,2026-05-01,17:04:35,-07:00,2026-05-01T17:04:35-07:00,0,7
style.css,237,css,4cf89958,Matthew Lee,2026-05-01,17:04:35,-07:00,2026-05-01T17:04:35-07:00,1,15
style.css,238,css,4cf89958,Matthew Lee,2026-05-01,17:04:35,-07:00,2026-05-01T17:04:35-07:00,1,9
style.css,239,css,4cf89958,Matthew Lee,2026-05-01,17:04:35,-07:00,2026-05-01T17:04:35-07:00,1,8
style.css,240,css,4cf89958,Matthew Lee,2026-05-01,17:04:35,-07:00,2026-05-01T17:04:35-07:00,1,12
style.css,241,css,4cf89958,Matthew Lee,2026-05-01,17:04:35,-07:00,2026-05-01T17:04:35-07:00,1,58
style.css,242,css,4cf89958,Matthew Lee,2026-05-01,17:04:35,-07:00,2026-05-01T17:04:35-07:00,1,15
style.css,243,css,4cf89958,Matthew Lee,2026-05-01,17:04:35,-07:00,2026-05-01T17:04:35-07:00,1,6
style.css,244,css,4cf89958,Matthew Lee,2026-05-01,17:04:35,-07:00,2026-05-01T17:04:35-07:00,0,0
style.css,245,css,4cf89958,Matthew Lee,2026-05-01,17:04:35,-07:00,2026-05-01T17:04:35-07:00,0,0
style.css,246,css,4cf89958,Matthew Lee,2026-05-01,17:04:35,-07:00,2026-05-01T17:04:35-07:00,0,10
style.css,247,css,4cf89958,Matthew Lee,2026-05-01,17:04:35,-07:00,2026-05-01T17:04:35-07:00,1,12
style.css,248,css,4cf89958,Matthew Lee,2026-05-01,17:04:35,-07:00,2026-05-01T17:04:35-07:00,1,18
style.css,249,css,4cf89958,Matthew Lee,2026-05-01,17:04:35,-07:00,2026-05-01T17:04:35-07:00,1,10
style.css,250,css,4cf89958,Matthew Lee,2026-05-01,17:04:35,-07:00,2026-05-01T17:04:35-07:00,1,14
style.css,251,css,4cf89958,Matthew Lee,2026-05-01,17:04:35,-07:00,2026-05-01T17:04:35-07:00,0,0
style.css,252,css,4cf89958,Matthew Lee,2026-05-01,17:04:35,-07:00,2026-05-01T17:04:35-07:00,0,0
style.css,253,css,4cf89958,Matthew Lee,2026-05-01,17:04:35,-07:00,2026-05-01T17:04:35-07:00,0,19
style.css,254,css,4cf89958,Matthew Lee,2026-05-01,17:04:35,-07:00,2026-05-01T17:04:35-07:00,1,15
style.css,255,css,4cf89958,Matthew Lee,2026-05-01,17:04:35,-07:00,2026-05-01T17:04:35-07:00,0,0
style.css,256,css,4cf89958,Matthew Lee,2026-05-01,17:04:35,-07:00,2026-05-01T17:04:35-07:00,0,0
style.css,257,css,4cf89958,Matthew Lee,2026-05-01,17:04:35,-07:00,2026-05-01T17:04:35-07:00,0,15
style.css,258,css,4cf89958,Matthew Lee,2026-05-01,17:04:35,-07:00,2026-05-01T17:04:35-07:00,1,9
style.css,259,css,4cf89958,Matthew Lee,2026-05-01,17:04:35,-07:00,2026-05-01T17:04:35-07:00,1,18
style.css,260,css,4cf89958,Matthew Lee,2026-05-01,17:04:35,-07:00,2026-05-01T17:04:35-07:00,1,23
style.css,261,css,4cf89958,Matthew Lee,2026-05-01,17:04:35,-07:00,2026-05-01T17:04:35-07:00,1,20
style.css,262,css,4cf89958,Matthew Lee,2026-05-01,17:04:35,-07:00,2026-05-01T17:04:35-07:00,1,20
style.css,263,css,4cf89958,Matthew Lee,2026-05-01,17:04:35,-07:00,2026-05-01T17:04:35-07:00,0,0
style.css,264,css,4cf89958,Matthew Lee,2026-05-01,17:04:35,-07:00,2026-05-01T17:04:35-07:00,0,0
style.css,265,css,4cf89958,Matthew Lee,2026-05-01,17:04:35,-07:00,2026-05-01T17:04:35-07:00,0,10
style.css,266,css,4cf89958,Matthew Lee,2026-05-01,17:04:35,-07:00,2026-05-01T17:04:35-07:00,1,13
style.css,267,css,4cf89958,Matthew Lee,2026-05-01,17:04:35,-07:00,2026-05-01T17:04:35-07:00,1,17
style.css,268,css,4cf89958,Matthew Lee,2026-05-01,17:04:35,-07:00,2026-05-01T17:04:35-07:00,0,0
style.css,269,css,4cf89958,Matthew Lee,2026-05-01,17:04:35,-07:00,2026-05-01T17:04:35-07:00,0,0
style.css,270,css,4cf89958,Matthew Lee,2026-05-01,17:04:35,-07:00,2026-05-01T17:04:35-07:00,0,10
style.css,271,css,4cf89958,Matthew Lee,2026-05-01,17:04:35,-07:00,2026-05-01T17:04:35-07:00,1,10
style.css,272,css,4cf89958,Matthew Lee,2026-05-01,17:04:35,-07:00,2026-05-01T17:04:35-07:00,1,24
style.css,273,css,599ebe80,Matthew Lee,2026-05-01,17:19:19,-07:00,2026-05-01T17:19:19-07:00,1,19
style.css,274,css,599ebe80,Matthew Lee,2026-05-01,17:19:19,-07:00,2026-05-01T17:19:19-07:00,1,16
style.css,275,css,599ebe80,Matthew Lee,2026-05-01,17:19:19,-07:00,2026-05-01T17:19:19-07:00,1,60
style.css,276,css,599ebe80,Matthew Lee,2026-05-01,17:19:19,-07:00,2026-05-01T17:19:19-07:00,1,20
style.css,277,css,599ebe80,Matthew Lee,2026-05-01,17:19:19,-07:00,2026-05-01T17:19:19-07:00,1,66
style.css,278,css,599ebe80,Matthew Lee,2026-05-01,17:19:19,-07:00,2026-05-01T17:19:19-07:00,1,62
style.css,279,css,599ebe80,Matthew Lee,2026-05-01,17:19:19,-07:00,2026-05-01T17:19:19-07:00,0,0
style.css,280,css,599ebe80,Matthew Lee,2026-05-01,17:19:19,-07:00,2026-05-01T17:19:19-07:00,0,0
style.css,281,css,599ebe80,Matthew Lee,2026-05-01,17:19:19,-07:00,2026-05-01T17:19:19-07:00,0,23
style.css,282,css,599ebe80,Matthew Lee,2026-05-01,17:19:19,-07:00,2026-05-01T17:19:19-07:00,1,49
style.css,283,css,599ebe80,Matthew Lee,2026-05-01,17:19:19,-07:00,2026-05-01T17:19:19-07:00,0,0
style.css,284,css,599ebe80,Matthew Lee,2026-05-01,17:19:19,-07:00,2026-05-01T17:19:19-07:00,0,0
style.css,285,css,599ebe80,Matthew Lee,2026-05-01,17:19:19,-07:00,2026-05-01T17:19:19-07:00,0,16
style.css,286,css,599ebe80,Matthew Lee,2026-05-01,17:19:19,-07:00,2026-05-01T17:19:19-07:00,1,69
style.css,287,css,599ebe80,Matthew Lee,2026-05-01,17:19:19,-07:00,2026-05-01T17:19:19-07:00,1,18
style.css,288,css,599ebe80,Matthew Lee,2026-05-01,17:19:19,-07:00,2026-05-01T17:19:19-07:00,1,32
style.css,289,css,4cf89958,Matthew Lee,2026-05-01,17:04:35,-07:00,2026-05-01T17:04:35-07:00,0,0
style.css,290,css,4cf89958,Matthew Lee,2026-05-01,17:04:35,-07:00,2026-05-01T17:04:35-07:00,0,0
style.css,291,css,4cf89958,Matthew Lee,2026-05-01,17:04:35,-07:00,2026-05-01T17:04:35-07:00,0,25
style.css,292,css,4cf89958,Matthew Lee,2026-05-01,17:04:35,-07:00,2026-05-01T17:04:35-07:00,1,20
style.css,293,css,4cf89958,Matthew Lee,2026-05-01,17:04:35,-07:00,2026-05-01T17:04:35-07:00,2,21
style.css,294,css,4cf89958,Matthew Lee,2026-05-01,17:04:35,-07:00,2026-05-01T17:04:35-07:00,1,0
style.css,295,css,4cf89958,Matthew Lee,2026-05-01,17:04:35,-07:00,2026-05-01T17:04:35-07:00,0,0
style.css,296,css,00000000,Not Committed Yet,2026-05-08,23:07:41,-07:00,2026-05-08T23:07:41-07:00,0,0
style.css,297,css,00000000,Not Committed Yet,2026-05-08,23:07:41,-07:00,2026-05-08T23:07:41-07:00,0,12
style.css,298,css,00000000,Not Committed Yet,2026-05-08,23:07:41,-07:00,2026-05-08T23:07:41-07:00,0,25
style.css,299,css,00000000,Not Committed Yet,2026-05-08,23:07:41,-07:00,2026-05-08T23:07:41-07:00,1,12
style.css,300,css,00000000,Not Committed Yet,2026-05-08,23:07:41,-07:00,2026-05-08T23:07:41-07:00,1,58
style.css,301,css,00000000,Not Committed Yet,2026-05-08,23:07:41,-07:00,2026-05-08T23:07:41-07:00,1,15
style.css,302,css,00000000,Not Committed Yet,2026-05-08,23:07:41,-07:00,2026-05-08T23:07:41-07:00,1,20
style.css,303,css,00000000,Not Committed Yet,2026-05-08,23:07:41,-07:00,2026-05-08T23:07:41-07:00,0,0
style.css,304,css,00000000,Not Committed Yet,2026-05-08,23:07:41,-07:00,2026-05-08T23:07:41-07:00,0,0
style.css,305,css,00000000,Not Committed Yet,2026-05-08,23:07:41,-07:00,2026-05-08T23:07:41-07:00,0,8
style.css,306,css,00000000,Not Committed Yet,2026-05-08,23:07:41,-07:00,2026-05-08T23:07:41-07:00,0,22
style.css,307,css,00000000,Not Committed Yet,2026-05-08,23:07:41,-07:00,2026-05-08T23:07:41-07:00,1,15
style.css,308,css,00000000,Not Committed Yet,2026-05-08,23:07:41,-07:00,2026-05-08T23:07:41-07:00,0,0
style.css,309,css,00000000,Not Committed Yet,2026-05-08,23:07:41,-07:00,2026-05-08T23:07:41-07:00,0,0
style.css,310,css,00000000,Not Committed Yet,2026-05-08,23:07:41,-07:00,2026-05-08T23:07:41-07:00,0,8
style.css,311,css,00000000,Not Committed Yet,2026-05-08,23:07:41,-07:00,2026-05-08T23:07:41-07:00,0,22
style.css,312,css,00000000,Not Committed Yet,2026-05-08,23:07:41,-07:00,2026-05-08T23:07:41-07:00,1,17
style.css,313,css,00000000,Not Committed Yet,2026-05-08,23:07:41,-07:00,2026-05-08T23:07:41-07:00,1,49
style.css,314,css,00000000,Not Committed Yet,2026-05-08,23:07:41,-07:00,2026-05-08T23:07:41-07:00,0,0
style.css,315,css,00000000,Not Committed Yet,2026-05-08,23:07:41,-07:00,2026-05-08T23:07:41-07:00,0,0
style.css,316,css,00000000,Not Committed Yet,2026-05-08,23:07:41,-07:00,2026-05-08T23:07:41-07:00,0,11
style.css,317,css,00000000,Not Committed Yet,2026-05-08,23:07:41,-07:00,2026-05-08T23:07:41-07:00,1,15
style.css,318,css,00000000,Not Committed Yet,2026-05-08,23:07:41,-07:00,2026-05-08T23:07:41-07:00,0,0
style.css,319,css,00000000,Not Committed Yet,2026-05-08,23:07:41,-07:00,2026-05-08T23:07:41-07:00,0,0
style.css,320,css,00000000,Not Committed Yet,2026-05-08,23:07:41,-07:00,2026-05-08T23:07:41-07:00,0,6
style.css,321,css,00000000,Not Committed Yet,2026-05-08,23:07:41,-07:00,2026-05-08T23:07:41-07:00,1,10
style.css,322,css,00000000,Not Committed Yet,2026-05-08,23:07:41,-07:00,2026-05-08T23:07:41-07:00,1,11
style.css,323,css,00000000,Not Committed Yet,2026-05-08,23:07:41,-07:00,2026-05-08T23:07:41-07:00,1,57
style.css,324,css,00000000,Not Committed Yet,2026-05-08,23:07:41,-07:00,2026-05-08T23:07:41-07:00,1,60
style.css,325,css,00000000,Not Committed Yet,2026-05-08,23:07:41,-07:00,2026-05-08T23:07:41-07:00,1,20
style.css,326,css,00000000,Not Committed Yet,2026-05-08,23:07:41,-07:00,2026-05-08T23:07:41-07:00,0,0
style.css,327,css,00000000,Not Committed Yet,2026-05-08,23:07:41,-07:00,2026-05-08T23:07:41-07:00,0,0
style.css,328,css,00000000,Not Committed Yet,2026-05-08,23:07:41,-07:00,2026-05-08T23:07:41-07:00,0,10
style.css,329,css,00000000,Not Committed Yet,2026-05-08,23:07:41,-07:00,2026-05-08T23:07:41-07:00,1,50
style.css,330,css,00000000,Not Committed Yet,2026-05-08,23:07:41,-07:00,2026-05-08T23:07:41-07:00,1,18
style.css,331,css,00000000,Not Committed Yet,2026-05-08,23:07:41,-07:00,2026-05-08T23:07:41-07:00,0,0
style.css,332,css,00000000,Not Committed Yet,2026-05-08,23:07:41,-07:00,2026-05-08T23:07:41-07:00,0,0
style.css,333,css,00000000,Not Committed Yet,2026-05-08,23:07:41,-07:00,2026-05-08T23:07:41-07:00,0,10
style.css,334,css,00000000,Not Committed Yet,2026-05-08,23:07:41,-07:00,2026-05-08T23:07:41-07:00,1,12
style.css,335,css,00000000,Not Committed Yet,2026-05-08,23:07:41,-07:00,2026-05-08T23:07:41-07:00,0,0
style.css,336,css,00000000,Not Committed Yet,2026-05-08,23:07:41,-07:00,2026-05-08T23:07:41-07:00,0,0
style.css,337,css,00000000,Not Committed Yet,2026-05-08,23:07:41,-07:00,2026-05-08T23:07:41-07:00,0,11
style.css,338,css,00000000,Not Committed Yet,2026-05-08,23:07:41,-07:00,2026-05-08T23:07:41-07:00,1,48
style.css,339,css,00000000,Not Committed Yet,2026-05-08,23:07:41,-07:00,2026-05-08T23:07:41-07:00,0,0
style.css,340,css,00000000,Not Committed Yet,2026-05-08,23:07:41,-07:00,2026-05-08T23:07:41-07:00,0,0
style.css,341,css,00000000,Not Committed Yet,2026-05-08,23:07:41,-07:00,2026-05-08T23:07:41-07:00,0,17
style.css,342,css,00000000,Not Committed Yet,2026-05-08,23:07:41,-07:00,2026-05-08T23:07:41-07:00,1,13
style.css,343,css,00000000,Not Committed Yet,2026-05-08,23:07:41,-07:00,2026-05-08T23:07:41-07:00,1,16
style.css,344,css,00000000,Not Committed Yet,2026-05-08,23:07:41,-07:00,2026-05-08T23:07:41-07:00,0,0
style.css,345,css,00000000,Not Committed Yet,2026-05-08,23:07:41,-07:00,2026-05-08T23:07:41-07:00,0,0
style.css,346,css,00000000,Not Committed Yet,2026-05-08,23:07:41,-07:00,2026-05-08T23:07:41-07:00,0,20
style.css,347,css,00000000,Not Committed Yet,2026-05-08,23:07:41,-07:00,2026-05-08T23:07:41-07:00,1,11
style.css,348,css,00000000,Not Committed Yet,2026-05-08,23:07:41,-07:00,2026-05-08T23:07:41-07:00,1,17
style.css,349,css,00000000,Not Committed Yet,2026-05-08,23:07:41,-07:00,2026-05-08T23:07:41-07:00,0,0
style.css,350,css,00000000,Not Committed Yet,2026-05-08,23:07:41,-07:00,2026-05-08T23:07:41-07:00,0,0
style.css,351,css,00000000,Not Committed Yet,2026-05-08,23:07:41,-07:00,2026-05-08T23:07:41-07:00,0,16
style.css,352,css,00000000,Not Committed Yet,2026-05-08,23:07:41,-07:00,2026-05-08T23:07:41-07:00,1,15
style.css,353,css,00000000,Not Committed Yet,2026-05-08,23:07:41,-07:00,2026-05-08T23:07:41-07:00,1,23
style.css,354,css,00000000,Not Committed Yet,2026-05-08,23:07:41,-07:00,2026-05-08T23:07:41-07:00,0,0
style.css,355,css,00000000,Not Committed Yet,2026-05-08,23:07:41,-07:00,2026-05-08T23:07:41-07:00,0,0
style.css,356,css,00000000,Not Committed Yet,2026-05-08,23:07:41,-07:00,2026-05-08T23:07:41-07:00,0,8
style.css,357,css,00000000,Not Committed Yet,2026-05-08,23:07:41,-07:00,2026-05-08T23:07:41-07:00,1,14
style.css,358,css,00000000,Not Committed Yet,2026-05-08,23:07:41,-07:00,2026-05-08T23:07:41-07:00,1,11
style.css,359,css,00000000,Not Committed Yet,2026-05-08,23:07:41,-07:00,2026-05-08T23:07:41-07:00,1,19
style.css,360,css,00000000,Not Committed Yet,2026-05-08,23:07:41,-07:00,2026-05-08T23:07:41-07:00,1,58
style.css,361,css,00000000,Not Committed Yet,2026-05-08,23:07:41,-07:00,2026-05-08T23:07:41-07:00,1,16
style.css,362,css,00000000,Not Committed Yet,2026-05-08,23:07:41,-07:00,2026-05-08T23:07:41-07:00,1,60
style.css,363,css,00000000,Not Committed Yet,2026-05-08,23:07:41,-07:00,2026-05-08T23:07:41-07:00,1,20
style.css,364,css,00000000,Not Committed Yet,2026-05-08,23:07:41,-07:00,2026-05-08T23:07:41-07:00,1,22
style.css,365,css,00000000,Not Committed Yet,2026-05-08,23:07:41,-07:00,2026-05-08T23:07:41-07:00,1,65
style.css,366,css,00000000,Not Committed Yet,2026-05-08,23:07:41,-07:00,2026-05-08T23:07:41-07:00,1,15
style.css,367,css,00000000,Not Committed Yet,2026-05-08,23:07:41,-07:00,2026-05-08T23:07:41-07:00,0,0
style.css,368,css,00000000,Not Committed Yet,2026-05-08,23:07:41,-07:00,2026-05-08T23:07:41-07:00,0,0
style.css,369,css,00000000,Not Committed Yet,2026-05-08,23:07:41,-07:00,2026-05-08T23:07:41-07:00,0,10
style.css,370,css,00000000,Not Committed Yet,2026-05-08,23:07:41,-07:00,2026-05-08T23:07:41-07:00,1,16
style.css,371,css,00000000,Not Committed Yet,2026-05-08,23:07:41,-07:00,2026-05-08T23:07:41-07:00,0,0
style.css,372,css,00000000,Not Committed Yet,2026-05-08,23:07:41,-07:00,2026-05-08T23:07:41-07:00,0,0
style.css,373,css,00000000,Not Committed Yet,2026-05-08,23:07:41,-07:00,2026-05-08T23:07:41-07:00,0,17
style.css,374,css,00000000,Not Committed Yet,2026-05-08,23:07:41,-07:00,2026-05-08T23:07:41-07:00,1,62
style.css,375,css,00000000,Not Committed Yet,2026-05-08,23:07:41,-07:00,2026-05-08T23:07:41-07:00,1,63
style.css,376,css,00000000,Not Committed Yet,2026-05-08,23:07:41,-07:00,2026-05-08T23:07:41-07:00,0,0
index.js,1,js,1287efd6,Matthew Lee,2026-05-01,16:02:55,-07:00,2026-05-01T16:02:55-07:00,0,71
index.js,2,js,1287efd6,Matthew Lee,2026-05-01,16:02:55,-07:00,2026-05-01T16:02:55-07:00,0,0
index.js,3,js,1287efd6,Matthew Lee,2026-05-01,16:02:55,-07:00,2026-05-01T16:02:55-07:00,0,60
index.js,4,js,1287efd6,Matthew Lee,2026-05-01,16:02:55,-07:00,2026-05-01T16:02:55-07:00,0,0
index.js,5,js,1287efd6,Matthew Lee,2026-05-01,16:02:55,-07:00,2026-05-01T16:02:55-07:00,0,3
index.js,6,js,1287efd6,Matthew Lee,2026-05-01,16:02:55,-07:00,2026-05-01T16:02:55-07:00,1,54
index.js,7,js,1287efd6,Matthew Lee,2026-05-01,16:02:55,-07:00,2026-05-01T16:02:55-07:00,1,42
index.js,8,js,1287efd6,Matthew Lee,2026-05-01,16:02:55,-07:00,2026-05-01T16:02:55-07:00,0,0
index.js,9,js,1287efd6,Matthew Lee,2026-05-01,16:02:55,-07:00,2026-05-01T16:02:55-07:00,1,22
index.js,10,js,1287efd6,Matthew Lee,2026-05-01,16:02:55,-07:00,2026-05-01T16:02:55-07:00,2,54
index.js,11,js,1287efd6,Matthew Lee,2026-05-01,16:02:55,-07:00,2026-05-01T16:02:55-07:00,1,0
index.js,12,js,1287efd6,Matthew Lee,2026-05-01,16:02:55,-07:00,2026-05-01T16:02:55-07:00,0,15
index.js,13,js,1287efd6,Matthew Lee,2026-05-01,16:02:55,-07:00,2026-05-01T16:02:55-07:00,1,19
index.js,14,js,1287efd6,Matthew Lee,2026-05-01,16:02:55,-07:00,2026-05-01T16:02:55-07:00,0,0
index.js,15,js,1287efd6,Matthew Lee,2026-05-01,16:02:55,-07:00,2026-05-01T16:02:55-07:00,1,22
index.js,16,js,1287efd6,Matthew Lee,2026-05-01,16:02:55,-07:00,2026-05-01T16:02:55-07:00,2,69
index.js,17,js,1287efd6,Matthew Lee,2026-05-01,16:02:55,-07:00,2026-05-01T16:02:55-07:00,1,0
index.js,18,js,1287efd6,Matthew Lee,2026-05-01,16:02:55,-07:00,2026-05-01T16:02:55-07:00,0,0
index.js,19,js,1287efd6,Matthew Lee,2026-05-01,16:02:55,-07:00,2026-05-01T16:02:55-07:00,0,0
index.js,20,js,1287efd6,Matthew Lee,2026-05-01,16:02:55,-07:00,2026-05-01T16:02:55-07:00,0,60
index.js,21,js,1287efd6,Matthew Lee,2026-05-01,16:02:55,-07:00,2026-05-01T16:02:55-07:00,0,0
index.js,22,js,1287efd6,Matthew Lee,2026-05-01,16:02:55,-07:00,2026-05-01T16:02:55-07:00,0,3
index.js,23,js,01c27775,Matthew Lee,2026-05-01,16:19:28,-07:00,2026-05-01T16:19:28-07:00,1,56
index.js,24,js,1287efd6,Matthew Lee,2026-05-01,16:02:55,-07:00,2026-05-01T16:02:55-07:00,0,0
index.js,25,js,1287efd6,Matthew Lee,2026-05-01,16:02:55,-07:00,2026-05-01T16:02:55-07:00,1,17
index.js,26,js,1287efd6,Matthew Lee,2026-05-01,16:02:55,-07:00,2026-05-01T16:02:55-07:00,2,24
index.js,27,js,2fdd6c45,Matthew Lee,2026-05-01,16:50:10,-07:00,2026-05-01T16:50:10-07:00,3,29
index.js,28,js,2fdd6c45,Matthew Lee,2026-05-01,16:50:10,-07:00,2026-05-01T16:50:10-07:00,4,85
index.js,29,js,2fdd6c45,Matthew Lee,2026-05-01,16:50:10,-07:00,2026-05-01T16:50:10-07:00,4,85
index.js,30,js,499f6140,Matthew Lee,2026-05-01,16:57:00,-07:00,2026-05-01T16:57:00-07:00,4,91
index.js,31,js,499f6140,Matthew Lee,2026-05-01,16:57:00,-07:00,2026-05-01T16:57:00-07:00,4,91
index.js,32,js,2fdd6c45,Matthew Lee,2026-05-01,16:50:10,-07:00,2026-05-01T16:50:10-07:00,3,4
index.js,33,js,1287efd6,Matthew Lee,2026-05-01,16:02:55,-07:00,2026-05-01T16:02:55-07:00,2,0
index.js,34,js,1287efd6,Matthew Lee,2026-05-01,16:02:55,-07:00,2026-05-01T16:02:55-07:00,1,0
index.js,35,js,1287efd6,Matthew Lee,2026-05-01,16:02:55,-07:00,2026-05-01T16:02:55-07:00,0,15
index.js,36,js,1287efd6,Matthew Lee,2026-05-01,16:02:55,-07:00,2026-05-01T16:02:55-07:00,1,19
index.js,37,js,1287efd6,Matthew Lee,2026-05-01,16:02:55,-07:00,2026-05-01T16:02:55-07:00,0,0
index.js,38,js,1287efd6,Matthew Lee,2026-05-01,16:02:55,-07:00,2026-05-01T16:02:55-07:00,1,17
index.js,39,js,1287efd6,Matthew Lee,2026-05-01,16:02:55,-07:00,2026-05-01T16:02:55-07:00,2,66
index.js,40,js,1287efd6,Matthew Lee,2026-05-01,16:02:55,-07:00,2026-05-01T16:02:55-07:00,1,0
index.js,41,js,1287efd6,Matthew Lee,2026-05-01,16:02:55,-07:00,2026-05-01T16:02:55-07:00,0,0
index.html,1,html,e10834d7,Matthew Lee,2026-04-10,23:17:22,-07:00,2026-04-10T23:17:22-07:00,0,13
index.html,2,html,e10834d7,Matthew Lee,2026-04-10,23:17:22,-07:00,2026-04-10T23:17:22-07:00,0,14
index.html,3,html,e10834d7,Matthew Lee,2026-04-10,23:17:22,-07:00,2026-04-10T23:17:22-07:00,0,4
index.html,4,html,1287efd6,Matthew Lee,2026-05-01,16:02:55,-07:00,2026-05-01T16:02:55-07:00,1,20
index.html,5,html,1287efd6,Matthew Lee,2026-05-01,16:02:55,-07:00,2026-05-01T16:02:55-07:00,1,68
index.html,6,html,1287efd6,Matthew Lee,2026-05-01,16:02:55,-07:00,2026-05-01T16:02:55-07:00,1,53
index.html,7,html,8219cafc,Matthew Lee,2026-05-01,16:59:43,-07:00,2026-05-01T16:59:43-07:00,1,50
index.html,8,html,1287efd6,Matthew Lee,2026-05-01,16:02:55,-07:00,2026-05-01T16:02:55-07:00,0,5
index.html,9,html,1287efd6,Matthew Lee,2026-05-01,16:02:55,-07:00,2026-05-01T16:02:55-07:00,0,4
index.html,10,html,1287efd6,Matthew Lee,2026-05-01,16:02:55,-07:00,2026-05-01T16:02:55-07:00,1,18
index.html,11,html,1287efd6,Matthew Lee,2026-05-01,16:02:55,-07:00,2026-05-01T16:02:55-07:00,0,0
index.html,12,html,1287efd6,Matthew Lee,2026-05-01,16:02:55,-07:00,2026-05-01T16:02:55-07:00,1,125
index.html,13,html,1287efd6,Matthew Lee,2026-05-01,16:02:55,-07:00,2026-05-01T16:02:55-07:00,0,0
index.html,14,html,01c27775,Matthew Lee,2026-05-01,16:19:28,-07:00,2026-05-01T16:19:28-07:00,1,68
index.html,15,html,1287efd6,Matthew Lee,2026-05-01,16:02:55,-07:00,2026-05-01T16:02:55-07:00,0,0
index.html,16,html,1287efd6,Matthew Lee,2026-05-01,16:02:55,-07:00,2026-05-01T16:02:55-07:00,1,22
index.html,17,html,1287efd6,Matthew Lee,2026-05-01,16:02:55,-07:00,2026-05-01T16:02:55-07:00,1,26
index.html,18,html,1287efd6,Matthew Lee,2026-05-01,16:02:55,-07:00,2026-05-01T16:02:55-07:00,0,0
index.html,19,html,1287efd6,Matthew Lee,2026-05-01,16:02:55,-07:00,2026-05-01T16:02:55-07:00,1,27
index.html,20,html,1287efd6,Matthew Lee,2026-05-01,16:02:55,-07:00,2026-05-01T16:02:55-07:00,1,28
index.html,21,html,e10834d7,Matthew Lee,2026-04-10,23:17:22,-07:00,2026-04-10T23:17:22-07:00,0,0
index.html,22,html,8219cafc,Matthew Lee,2026-05-01,16:59:43,-07:00,2026-05-01T16:59:43-07:00,1,56
index.html,23,html,e10834d7,Matthew Lee,2026-04-10,23:17:22,-07:00,2026-04-10T23:17:22-07:00,0,5
index.html,24,html,400e8a7f,Matthew Lee,2026-04-11,17:25:53,-07:00,2026-04-11T17:25:53-07:00,0,5
global.js,1,js,df46fedd,Matthew Lee,2026-04-17,20:29:08,-07:00,2026-04-17T20:29:08-07:00,0,25
global.js,2,js,df46fedd,Matthew Lee,2026-04-17,20:29:08,-07:00,2026-04-17T20:29:08-07:00,0,0
global.js,3,js,df46fedd,Matthew Lee,2026-04-17,20:29:08,-07:00,2026-04-17T20:29:08-07:00,0,41
global.js,4,js,df46fedd,Matthew Lee,2026-04-17,20:29:08,-07:00,2026-04-17T20:29:08-07:00,1,52
global.js,5,js,df46fedd,Matthew Lee,2026-04-17,20:29:08,-07:00,2026-04-17T20:29:08-07:00,0,0
global.js,6,js,df46fedd,Matthew Lee,2026-04-17,20:29:08,-07:00,2026-04-17T20:29:08-07:00,0,0
global.js,7,js,d3117f0f,Matthew Lee,2026-04-17,20:41:17,-07:00,2026-04-17T20:41:17-07:00,0,13
global.js,8,js,d3117f0f,Matthew Lee,2026-04-17,20:41:17,-07:00,2026-04-17T20:41:17-07:00,1,25
global.js,9,js,d3117f0f,Matthew Lee,2026-04-17,20:41:17,-07:00,2026-04-17T20:41:17-07:00,1,38
global.js,10,js,d3117f0f,Matthew Lee,2026-04-17,20:41:17,-07:00,2026-04-17T20:41:17-07:00,1,36
global.js,11,js,01c27775,Matthew Lee,2026-05-01,16:19:28,-07:00,2026-05-01T16:19:28-07:00,1,34
global.js,12,js,00000000,Not Committed Yet,2026-05-08,23:07:41,-07:00,2026-05-08T23:07:41-07:00,1,30
global.js,13,js,01c27775,Matthew Lee,2026-05-01,16:19:28,-07:00,2026-05-01T16:19:28-07:00,1,59
global.js,14,js,d3117f0f,Matthew Lee,2026-04-17,20:41:17,-07:00,2026-04-17T20:41:17-07:00,0,0
global.js,15,js,df46fedd,Matthew Lee,2026-04-17,20:29:08,-07:00,2026-04-17T20:29:08-07:00,0,0
global.js,16,js,11a3663e,Matthew Lee,2026-05-01,16:34:50,-07:00,2026-05-01T16:34:50-07:00,0,89
global.js,17,js,11a3663e,Matthew Lee,2026-05-01,16:34:50,-07:00,2026-05-01T16:34:50-07:00,0,60
global.js,18,js,11a3663e,Matthew Lee,2026-05-01,16:34:50,-07:00,2026-05-01T16:34:50-07:00,0,68
global.js,19,js,11a3663e,Matthew Lee,2026-05-01,16:34:50,-07:00,2026-05-01T16:34:50-07:00,0,65
global.js,20,js,d3117f0f,Matthew Lee,2026-04-17,20:41:17,-07:00,2026-04-17T20:41:17-07:00,0,0
global.js,21,js,26ea7ee3,Matthew Lee,2026-04-17,20:57:31,-07:00,2026-04-17T20:57:31-07:00,0,55
global.js,22,js,26ea7ee3,Matthew Lee,2026-04-17,20:57:31,-07:00,2026-04-17T20:57:31-07:00,0,42
global.js,23,js,26ea7ee3,Matthew Lee,2026-04-17,20:57:31,-07:00,2026-04-17T20:57:31-07:00,0,57
global.js,24,js,26ea7ee3,Matthew Lee,2026-04-17,20:57:31,-07:00,2026-04-17T20:57:31-07:00,0,0
global.js,25,js,26ea7ee3,Matthew Lee,2026-04-17,20:57:31,-07:00,2026-04-17T20:57:31-07:00,0,26
global.js,26,js,26ea7ee3,Matthew Lee,2026-04-17,20:57:31,-07:00,2026-04-17T20:57:31-07:00,1,42
global.js,27,js,26ea7ee3,Matthew Lee,2026-04-17,20:57:31,-07:00,2026-04-17T20:57:31-07:00,1,33
global.js,28,js,26ea7ee3,Matthew Lee,2026-04-17,20:57:31,-07:00,2026-04-17T20:57:31-07:00,1,31
global.js,29,js,26ea7ee3,Matthew Lee,2026-04-17,20:57:31,-07:00,2026-04-17T20:57:31-07:00,0,0
global.js,30,js,26ea7ee3,Matthew Lee,2026-04-17,20:57:31,-07:00,2026-04-17T20:57:31-07:00,0,0
global.js,31,js,26ea7ee3,Matthew Lee,2026-04-17,20:57:31,-07:00,2026-04-17T20:57:31-07:00,0,40
global.js,32,js,26ea7ee3,Matthew Lee,2026-04-17,20:57:31,-07:00,2026-04-17T20:57:31-07:00,1,53
global.js,33,js,26ea7ee3,Matthew Lee,2026-04-17,20:57:31,-07:00,2026-04-17T20:57:31-07:00,1,33
global.js,34,js,26ea7ee3,Matthew Lee,2026-04-17,20:57:31,-07:00,2026-04-17T20:57:31-07:00,1,39
global.js,35,js,26ea7ee3,Matthew Lee,2026-04-17,20:57:31,-07:00,2026-04-17T20:57:31-07:00,1,38
global.js,36,js,26ea7ee3,Matthew Lee,2026-04-17,20:57:31,-07:00,2026-04-17T20:57:31-07:00,0,0
global.js,37,js,26ea7ee3,Matthew Lee,2026-04-17,20:57:31,-07:00,2026-04-17T20:57:31-07:00,0,0
global.js,38,js,26ea7ee3,Matthew Lee,2026-04-17,20:57:31,-07:00,2026-04-17T20:57:31-07:00,0,36
global.js,39,js,26ea7ee3,Matthew Lee,2026-04-17,20:57:31,-07:00,2026-04-17T20:57:31-07:00,1,55
global.js,40,js,26ea7ee3,Matthew Lee,2026-04-17,20:57:31,-07:00,2026-04-17T20:57:31-07:00,1,36
global.js,41,js,26ea7ee3,Matthew Lee,2026-04-17,20:57:31,-07:00,2026-04-17T20:57:31-07:00,0,0
global.js,42,js,26ea7ee3,Matthew Lee,2026-04-17,20:57:31,-07:00,2026-04-17T20:57:31-07:00,0,0
global.js,43,js,11ea7178,Matthew Lee,2026-04-17,21:04:39,-07:00,2026-04-17T21:04:39-07:00,0,30
global.js,44,js,11ea7178,Matthew Lee,2026-04-17,21:04:39,-07:00,2026-04-17T21:04:39-07:00,1,3
global.js,45,js,11ea7178,Matthew Lee,2026-04-17,21:04:39,-07:00,2026-04-17T21:04:39-07:00,2,41
global.js,46,js,11ea7178,Matthew Lee,2026-04-17,21:04:39,-07:00,2026-04-17T21:04:39-07:00,1,15
global.js,47,js,11ea7178,Matthew Lee,2026-04-17,21:04:39,-07:00,2026-04-17T21:04:39-07:00,2,50
global.js,48,js,11ea7178,Matthew Lee,2026-04-17,21:04:39,-07:00,2026-04-17T21:04:39-07:00,2,10
global.js,49,js,11ea7178,Matthew Lee,2026-04-17,21:04:39,-07:00,2026-04-17T21:04:39-07:00,1,0
global.js,50,js,11ea7178,Matthew Lee,2026-04-17,21:04:39,-07:00,2026-04-17T21:04:39-07:00,0,0
global.js,51,js,11ea7178,Matthew Lee,2026-04-17,21:04:39,-07:00,2026-04-17T21:04:39-07:00,0,0
global.js,52,js,11ea7178,Matthew Lee,2026-04-17,21:04:39,-07:00,2026-04-17T21:04:39-07:00,0,37
global.js,53,js,11ea7178,Matthew Lee,2026-04-17,21:04:39,-07:00,2026-04-17T21:04:39-07:00,1,3
global.js,54,js,11ea7178,Matthew Lee,2026-04-17,21:04:39,-07:00,2026-04-17T21:04:39-07:00,2,47
global.js,55,js,11ea7178,Matthew Lee,2026-04-17,21:04:39,-07:00,2026-04-17T21:04:39-07:00,1,15
global.js,56,js,11ea7178,Matthew Lee,2026-04-17,21:04:39,-07:00,2026-04-17T21:04:39-07:00,2,51
global.js,57,js,11ea7178,Matthew Lee,2026-04-17,21:04:39,-07:00,2026-04-17T21:04:39-07:00,1,0
global.js,58,js,11ea7178,Matthew Lee,2026-04-17,21:04:39,-07:00,2026-04-17T21:04:39-07:00,0,0
global.js,59,js,11ea7178,Matthew Lee,2026-04-17,21:04:39,-07:00,2026-04-17T21:04:39-07:00,0,0
global.js,60,js,01c27775,Matthew Lee,2026-05-01,16:19:28,-07:00,2026-05-01T16:19:28-07:00,0,52
global.js,61,js,26ea7ee3,Matthew Lee,2026-04-17,20:57:31,-07:00,2026-04-17T20:57:31-07:00,0,0
global.js,62,js,26ea7ee3,Matthew Lee,2026-04-17,20:57:31,-07:00,2026-04-17T20:57:31-07:00,0,54
global.js,63,js,26ea7ee3,Matthew Lee,2026-04-17,20:57:31,-07:00,2026-04-17T20:57:31-07:00,1,40
global.js,64,js,26ea7ee3,Matthew Lee,2026-04-17,20:57:31,-07:00,2026-04-17T20:57:31-07:00,1,29
global.js,65,js,11ea7178,Matthew Lee,2026-04-17,21:04:39,-07:00,2026-04-17T21:04:39-07:00,1,30
global.js,66,js,26ea7ee3,Matthew Lee,2026-04-17,20:57:31,-07:00,2026-04-17T20:57:31-07:00,0,1
global.js,67,js,26ea7ee3,Matthew Lee,2026-04-17,20:57:31,-07:00,2026-04-17T20:57:31-07:00,0,0
global.js,68,js,26ea7ee3,Matthew Lee,2026-04-17,20:57:31,-07:00,2026-04-17T20:57:31-07:00,0,52
global.js,69,js,26ea7ee3,Matthew Lee,2026-04-17,20:57:31,-07:00,2026-04-17T20:57:31-07:00,0,0
global.js,70,js,d3117f0f,Matthew Lee,2026-04-17,20:41:17,-07:00,2026-04-17T20:41:17-07:00,0,40
global.js,71,js,26ea7ee3,Matthew Lee,2026-04-17,20:57:31,-07:00,2026-04-17T20:57:31-07:00,0,43
global.js,72,js,d3117f0f,Matthew Lee,2026-04-17,20:41:17,-07:00,2026-04-17T20:41:17-07:00,0,0
global.js,73,js,d3117f0f,Matthew Lee,2026-04-17,20:41:17,-07:00,2026-04-17T20:41:17-07:00,0,22
global.js,74,js,d3117f0f,Matthew Lee,2026-04-17,20:41:17,-07:00,2026-04-17T20:41:17-07:00,1,14
global.js,75,js,d3117f0f,Matthew Lee,2026-04-17,20:41:17,-07:00,2026-04-17T20:41:17-07:00,0,0
global.js,76,js,d3117f0f,Matthew Lee,2026-04-17,20:41:17,-07:00,2026-04-17T20:41:17-07:00,1,28
global.js,77,js,d3117f0f,Matthew Lee,2026-04-17,20:41:17,-07:00,2026-04-17T20:41:17-07:00,2,20
global.js,78,js,d3117f0f,Matthew Lee,2026-04-17,20:41:17,-07:00,2026-04-17T20:41:17-07:00,1,0
global.js,79,js,d3117f0f,Matthew Lee,2026-04-17,20:41:17,-07:00,2026-04-17T20:41:17-07:00,0,0
global.js,80,js,d3117f0f,Matthew Lee,2026-04-17,20:41:17,-07:00,2026-04-17T20:41:17-07:00,1,36
global.js,81,js,d3117f0f,Matthew Lee,2026-04-17,20:41:17,-07:00,2026-04-17T20:41:17-07:00,1,11
global.js,82,js,01c27775,Matthew Lee,2026-05-01,16:19:28,-07:00,2026-05-01T16:19:28-07:00,1,22
global.js,83,js,d3117f0f,Matthew Lee,2026-04-17,20:41:17,-07:00,2026-04-17T20:41:17-07:00,0,0
global.js,84,js,d3117f0f,Matthew Lee,2026-04-17,20:41:17,-07:00,2026-04-17T20:41:17-07:00,1,65
global.js,85,js,d3117f0f,Matthew Lee,2026-04-17,20:41:17,-07:00,2026-04-17T20:41:17-07:00,2,25
global.js,86,js,d3117f0f,Matthew Lee,2026-04-17,20:41:17,-07:00,2026-04-17T20:41:17-07:00,1,0
global.js,87,js,d3117f0f,Matthew Lee,2026-04-17,20:41:17,-07:00,2026-04-17T20:41:17-07:00,0,0
global.js,88,js,d3117f0f,Matthew Lee,2026-04-17,20:41:17,-07:00,2026-04-17T20:41:17-07:00,1,29
global.js,89,js,d3117f0f,Matthew Lee,2026-04-17,20:41:17,-07:00,2026-04-17T20:41:17-07:00,2,18
global.js,90,js,d3117f0f,Matthew Lee,2026-04-17,20:41:17,-07:00,2026-04-17T20:41:17-07:00,2,28
global.js,91,js,d3117f0f,Matthew Lee,2026-04-17,20:41:17,-07:00,2026-04-17T20:41:17-07:00,1,0
global.js,92,js,d3117f0f,Matthew Lee,2026-04-17,20:41:17,-07:00,2026-04-17T20:41:17-07:00,0,0
global.js,93,js,d3117f0f,Matthew Lee,2026-04-17,20:41:17,-07:00,2026-04-17T20:41:17-07:00,1,12
global.js,94,js,d3117f0f,Matthew Lee,2026-04-17,20:41:17,-07:00,2026-04-17T20:41:17-07:00,0,0
global.js,95,js,01c27775,Matthew Lee,2026-05-01,16:19:28,-07:00,2026-05-01T16:19:28-07:00,0,0
global.js,96,js,1287efd6,Matthew Lee,2026-05-01,16:02:55,-07:00,2026-05-01T16:02:55-07:00,0,36
global.js,97,js,1287efd6,Matthew Lee,2026-05-01,16:02:55,-07:00,2026-05-01T16:02:55-07:00,1,11
global.js,98,js,1287efd6,Matthew Lee,2026-05-01,16:02:55,-07:00,2026-05-01T16:02:55-07:00,0,0
global.js,99,js,1287efd6,Matthew Lee,2026-05-01,16:02:55,-07:00,2026-05-01T16:02:55-07:00,1,3
global.js,100,js,1287efd6,Matthew Lee,2026-05-01,16:02:55,-07:00,2026-05-01T16:02:55-07:00,2,26
global.js,101,js,1287efd6,Matthew Lee,2026-05-01,16:02:55,-07:00,2026-05-01T16:02:55-07:00,1,15
global.js,102,js,1287efd6,Matthew Lee,2026-05-01,16:02:55,-07:00,2026-05-01T16:02:55-07:00,2,71
global.js,103,js,1287efd6,Matthew Lee,2026-05-01,16:02:55,-07:00,2026-05-01T16:02:55-07:00,1,0
global.js,104,js,1287efd6,Matthew Lee,2026-05-01,16:02:55,-07:00,2026-05-01T16:02:55-07:00,0,0
global.js,105,js,1287efd6,Matthew Lee,2026-05-01,16:02:55,-07:00,2026-05-01T16:02:55-07:00,1,17
global.js,106,js,1287efd6,Matthew Lee,2026-05-01,16:02:55,-07:00,2026-05-01T16:02:55-07:00,2,83
global.js,107,js,1287efd6,Matthew Lee,2026-05-01,16:02:55,-07:00,2026-05-01T16:02:55-07:00,1,0
global.js,108,js,1287efd6,Matthew Lee,2026-05-01,16:02:55,-07:00,2026-05-01T16:02:55-07:00,0,0
global.js,109,js,1287efd6,Matthew Lee,2026-05-01,16:02:55,-07:00,2026-05-01T16:02:55-07:00,1,3
global.js,110,js,1287efd6,Matthew Lee,2026-05-01,16:02:55,-07:00,2026-05-01T16:02:55-07:00,2,27
global.js,111,js,1287efd6,Matthew Lee,2026-05-01,16:02:55,-07:00,2026-05-01T16:02:55-07:00,1,15
global.js,112,js,1287efd6,Matthew Lee,2026-05-01,16:02:55,-07:00,2026-05-01T16:02:55-07:00,2,58
global.js,113,js,1287efd6,Matthew Lee,2026-05-01,16:02:55,-07:00,2026-05-01T16:02:55-07:00,1,0
global.js,114,js,1287efd6,Matthew Lee,2026-05-01,16:02:55,-07:00,2026-05-01T16:02:55-07:00,0,0
global.js,115,js,1287efd6,Matthew Lee,2026-05-01,16:02:55,-07:00,2026-05-01T16:02:55-07:00,0,0
global.js,116,js,01c27775,Matthew Lee,2026-05-01,16:19:28,-07:00,2026-05-01T16:19:28-07:00,0,79
global.js,117,js,1287efd6,Matthew Lee,2026-05-01,16:02:55,-07:00,2026-05-01T16:02:55-07:00,1,29
global.js,118,js,01c27775,Matthew Lee,2026-05-01,16:19:28,-07:00,2026-05-01T16:19:28-07:00,2,63
global.js,119,js,1287efd6,Matthew Lee,2026-05-01,16:02:55,-07:00,2026-05-01T16:02:55-07:00,1,0
global.js,120,js,1287efd6,Matthew Lee,2026-05-01,16:02:55,-07:00,2026-05-01T16:02:55-07:00,0,0
global.js,121,js,1287efd6,Matthew Lee,2026-05-01,16:02:55,-07:00,2026-05-01T16:02:55-07:00,1,43
global.js,122,js,01c27775,Matthew Lee,2026-05-01,16:19:28,-07:00,2026-05-01T16:19:28-07:00,2,68
global.js,123,js,1287efd6,Matthew Lee,2026-05-01,16:02:55,-07:00,2026-05-01T16:02:55-07:00,1,0
global.js,124,js,1287efd6,Matthew Lee,2026-05-01,16:02:55,-07:00,2026-05-01T16:02:55-07:00,0,0
global.js,125,js,01c27775,Matthew Lee,2026-05-01,16:19:28,-07:00,2026-05-01T16:19:28-07:00,1,88
global.js,126,js,1287efd6,Matthew Lee,2026-05-01,16:02:55,-07:00,2026-05-01T16:02:55-07:00,0,0
global.js,127,js,01c27775,Matthew Lee,2026-05-01,16:19:28,-07:00,2026-05-01T16:19:28-07:00,1,30
global.js,128,js,1287efd6,Matthew Lee,2026-05-01,16:02:55,-07:00,2026-05-01T16:02:55-07:00,0,0
global.js,129,js,1287efd6,Matthew Lee,2026-05-01,16:02:55,-07:00,2026-05-01T16:02:55-07:00,1,31
global.js,130,js,01c27775,Matthew Lee,2026-05-01,16:19:28,-07:00,2026-05-01T16:19:28-07:00,2,48
global.js,131,js,2fdd6c45,Matthew Lee,2026-05-01,16:50:10,-07:00,2026-05-01T16:50:10-07:00,2,33
global.js,132,js,1287efd6,Matthew Lee,2026-05-01,16:02:55,-07:00,2026-05-01T16:02:55-07:00,0,0
global.js,133,js,2fdd6c45,Matthew Lee,2026-05-01,16:50:10,-07:00,2026-05-01T16:50:10-07:00,2,51
global.js,134,js,2fdd6c45,Matthew Lee,2026-05-01,16:50:10,-07:00,2026-05-01T16:50:10-07:00,2,32
global.js,135,js,2fdd6c45,Matthew Lee,2026-05-01,16:50:10,-07:00,2026-05-01T16:50:10-07:00,2,54
global.js,136,js,2fdd6c45,Matthew Lee,2026-05-01,16:50:10,-07:00,2026-05-01T16:50:10-07:00,0,0
global.js,137,js,2fdd6c45,Matthew Lee,2026-05-01,16:50:10,-07:00,2026-05-01T16:50:10-07:00,2,42
global.js,138,js,2fdd6c45,Matthew Lee,2026-05-01,16:50:10,-07:00,2026-05-01T16:50:10-07:00,2,32
global.js,139,js,2fdd6c45,Matthew Lee,2026-05-01,16:50:10,-07:00,2026-05-01T16:50:10-07:00,2,30
global.js,140,js,2fdd6c45,Matthew Lee,2026-05-01,16:50:10,-07:00,2026-05-01T16:50:10-07:00,2,43
global.js,141,js,2fdd6c45,Matthew Lee,2026-05-01,16:50:10,-07:00,2026-05-01T16:50:10-07:00,0,0
global.js,142,js,2fdd6c45,Matthew Lee,2026-05-01,16:50:10,-07:00,2026-05-01T16:50:10-07:00,2,46
global.js,143,js,2fdd6c45,Matthew Lee,2026-05-01,16:50:10,-07:00,2026-05-01T16:50:10-07:00,2,44
global.js,144,js,2fdd6c45,Matthew Lee,2026-05-01,16:50:10,-07:00,2026-05-01T16:50:10-07:00,2,75
global.js,145,js,2fdd6c45,Matthew Lee,2026-05-01,16:50:10,-07:00,2026-05-01T16:50:10-07:00,0,0
global.js,146,js,2fdd6c45,Matthew Lee,2026-05-01,16:50:10,-07:00,2026-05-01T16:50:10-07:00,2,40
global.js,147,js,2fdd6c45,Matthew Lee,2026-05-01,16:50:10,-07:00,2026-05-01T16:50:10-07:00,0,0
global.js,148,js,2fdd6c45,Matthew Lee,2026-05-01,16:50:10,-07:00,2026-05-01T16:50:10-07:00,2,17
global.js,149,js,2fdd6c45,Matthew Lee,2026-05-01,16:50:10,-07:00,2026-05-01T16:50:10-07:00,3,39
global.js,150,js,2fdd6c45,Matthew Lee,2026-05-01,16:50:10,-07:00,2026-05-01T16:50:10-07:00,3,30
global.js,151,js,2fdd6c45,Matthew Lee,2026-05-01,16:50:10,-07:00,2026-05-01T16:50:10-07:00,3,41
global.js,152,js,2fdd6c45,Matthew Lee,2026-05-01,16:50:10,-07:00,2026-05-01T16:50:10-07:00,3,19
global.js,153,js,2fdd6c45,Matthew Lee,2026-05-01,16:50:10,-07:00,2026-05-01T16:50:10-07:00,2,0
global.js,154,js,1287efd6,Matthew Lee,2026-05-01,16:02:55,-07:00,2026-05-01T16:02:55-07:00,0,0
global.js,155,js,1287efd6,Matthew Lee,2026-05-01,16:02:55,-07:00,2026-05-01T16:02:55-07:00,2,36
global.js,156,js,1287efd6,Matthew Lee,2026-05-01,16:02:55,-07:00,2026-05-01T16:02:55-07:00,1,0
global.js,157,js,1287efd6,Matthew Lee,2026-05-01,16:02:55,-07:00,2026-05-01T16:02:55-07:00,0,0
global.js,158,js,1287efd6,Matthew Lee,2026-05-01,16:02:55,-07:00,2026-05-01T16:02:55-07:00,0,0
global.js,159,js,1287efd6,Matthew Lee,2026-05-01,16:02:55,-07:00,2026-05-01T16:02:55-07:00,0,47
global.js,160,js,1287efd6,Matthew Lee,2026-05-01,16:02:55,-07:00,2026-05-01T16:02:55-07:00,1,14
global.js,161,js,01c27775,Matthew Lee,2026-05-01,16:19:28,-07:00,2026-05-01T16:19:28-07:00,2,54
global.js,162,js,1287efd6,Matthew Lee,2026-05-01,16:02:55,-07:00,2026-05-01T16:02:55-07:00,1,0
global.js,163,js,1287efd6,Matthew Lee,2026-05-01,16:02:55,-07:00,2026-05-01T16:02:55-07:00,0,0
global.js,164,js,1287efd6,Matthew Lee,2026-05-01,16:02:55,-07:00,2026-05-01T16:02:55-07:00,1,59
global.js,165,js,1287efd6,Matthew Lee,2026-05-01,16:02:55,-07:00,2026-05-01T16:02:55-07:00,0,0
global.js,166,js,1287efd6,Matthew Lee,2026-05-01,16:02:55,-07:00,2026-05-01T16:02:55-07:00,0,0
global.js,167,js,1287efd6,Matthew Lee,2026-05-01,16:02:55,-07:00,2026-05-01T16:02:55-07:00,0,45
resume/index.html,1,html,174cea5d,Matthew Lee,2026-04-11,17:38:05,-07:00,2026-04-11T17:38:05-07:00,0,13
resume/index.html,2,html,174cea5d,Matthew Lee,2026-04-11,17:38:05,-07:00,2026-04-11T17:38:05-07:00,0,14
resume/index.html,3,html,174cea5d,Matthew Lee,2026-04-11,17:38:05,-07:00,2026-04-11T17:38:05-07:00,0,4
resume/index.html,4,html,174cea5d,Matthew Lee,2026-04-11,17:38:05,-07:00,2026-04-11T17:38:05-07:00,2,20
resume/index.html,5,html,174cea5d,Matthew Lee,2026-04-11,17:38:05,-07:00,2026-04-11T17:38:05-07:00,2,68
resume/index.html,6,html,174cea5d,Matthew Lee,2026-04-11,17:38:05,-07:00,2026-04-11T17:38:05-07:00,2,41
resume/index.html,7,html,01c27775,Matthew Lee,2026-05-01,16:19:28,-07:00,2026-05-01T16:19:28-07:00,2,48
resume/index.html,8,html,174cea5d,Matthew Lee,2026-04-11,17:38:05,-07:00,2026-04-11T17:38:05-07:00,2,19
resume/index.html,9,html,174cea5d,Matthew Lee,2026-04-11,17:38:05,-07:00,2026-04-11T17:38:05-07:00,0,5
resume/index.html,10,html,174cea5d,Matthew Lee,2026-04-11,17:38:05,-07:00,2026-04-11T17:38:05-07:00,0,4
resume/index.html,11,html,174cea5d,Matthew Lee,2026-04-11,17:38:05,-07:00,2026-04-11T17:38:05-07:00,0,0
resume/index.html,12,html,174cea5d,Matthew Lee,2026-04-11,17:38:05,-07:00,2026-04-11T17:38:05-07:00,2,13
resume/index.html,13,html,174cea5d,Matthew Lee,2026-04-11,17:38:05,-07:00,2026-04-11T17:38:05-07:00,0,0
resume/index.html,14,html,174cea5d,Matthew Lee,2026-04-11,17:38:05,-07:00,2026-04-11T17:38:05-07:00,2,85
resume/index.html,15,html,174cea5d,Matthew Lee,2026-04-11,17:38:05,-07:00,2026-04-11T17:38:05-07:00,4,1
resume/index.html,16,html,174cea5d,Matthew Lee,2026-04-11,17:38:05,-07:00,2026-04-11T17:38:05-07:00,6,37
resume/index.html,17,html,174cea5d,Matthew Lee,2026-04-11,17:38:05,-07:00,2026-04-11T17:38:05-07:00,6,50
resume/index.html,18,html,174cea5d,Matthew Lee,2026-04-11,17:38:05,-07:00,2026-04-11T17:38:05-07:00,4,2
resume/index.html,19,html,174cea5d,Matthew Lee,2026-04-11,17:38:05,-07:00,2026-04-11T17:38:05-07:00,2,7
resume/index.html,20,html,174cea5d,Matthew Lee,2026-04-11,17:38:05,-07:00,2026-04-11T17:38:05-07:00,0,0
resume/index.html,21,html,174cea5d,Matthew Lee,2026-04-11,17:38:05,-07:00,2026-04-11T17:38:05-07:00,0,5
resume/index.html,22,html,174cea5d,Matthew Lee,2026-04-11,17:38:05,-07:00,2026-04-11T17:38:05-07:00,0,5
projects/projects.js,1,js,4cf89958,Matthew Lee,2026-05-01,17:04:35,-07:00,2026-05-01T17:04:35-07:00,0,59
projects/projects.js,2,js,1287efd6,Matthew Lee,2026-05-01,16:02:55,-07:00,2026-05-01T16:02:55-07:00,0,55
projects/projects.js,3,js,1287efd6,Matthew Lee,2026-05-01,16:02:55,-07:00,2026-05-01T16:02:55-07:00,0,0
projects/projects.js,4,js,1287efd6,Matthew Lee,2026-05-01,16:02:55,-07:00,2026-05-01T16:02:55-07:00,0,60
projects/projects.js,5,js,1287efd6,Matthew Lee,2026-05-01,16:02:55,-07:00,2026-05-01T16:02:55-07:00,0,62
projects/projects.js,6,js,4cf89958,Matthew Lee,2026-05-01,17:04:35,-07:00,2026-05-01T17:04:35-07:00,0,55
projects/projects.js,7,js,4cf89958,Matthew Lee,2026-05-01,17:04:35,-07:00,2026-05-01T17:04:35-07:00,0,43
projects/projects.js,8,js,4cf89958,Matthew Lee,2026-05-01,17:04:35,-07:00,2026-05-01T17:04:35-07:00,0,34
projects/projects.js,9,js,1287efd6,Matthew Lee,2026-05-01,16:02:55,-07:00,2026-05-01T16:02:55-07:00,0,0
projects/projects.js,10,js,4cf89958,Matthew Lee,2026-05-01,17:04:35,-07:00,2026-05-01T17:04:35-07:00,0,19
projects/projects.js,11,js,4cf89958,Matthew Lee,2026-05-01,17:04:35,-07:00,2026-05-01T17:04:35-07:00,0,13
projects/projects.js,12,js,4cf89958,Matthew Lee,2026-05-01,17:04:35,-07:00,2026-05-01T17:04:35-07:00,0,22
projects/projects.js,13,js,4cf89958,Matthew Lee,2026-05-01,17:04:35,-07:00,2026-05-01T17:04:35-07:00,0,0
projects/projects.js,14,js,4cf89958,Matthew Lee,2026-05-01,17:04:35,-07:00,2026-05-01T17:04:35-07:00,0,48
projects/projects.js,15,js,4cf89958,Matthew Lee,2026-05-01,17:04:35,-07:00,2026-05-01T17:04:35-07:00,1,61
projects/projects.js,16,js,4cf89958,Matthew Lee,2026-05-01,17:04:35,-07:00,2026-05-01T17:04:35-07:00,1,46
projects/projects.js,17,js,4cf89958,Matthew Lee,2026-05-01,17:04:35,-07:00,2026-05-01T17:04:35-07:00,0,0
projects/projects.js,18,js,4cf89958,Matthew Lee,2026-05-01,17:04:35,-07:00,2026-05-01T17:04:35-07:00,0,0
projects/projects.js,19,js,15a66fe3,Matthew Lee,2026-05-01,17:09:11,-07:00,2026-05-01T17:09:11-07:00,0,35
projects/projects.js,20,js,15a66fe3,Matthew Lee,2026-05-01,17:09:11,-07:00,2026-05-01T17:09:11-07:00,1,74
projects/projects.js,21,js,4cf89958,Matthew Lee,2026-05-01,17:04:35,-07:00,2026-05-01T17:04:35-07:00,0,0
projects/projects.js,22,js,4cf89958,Matthew Lee,2026-05-01,17:04:35,-07:00,2026-05-01T17:04:35-07:00,0,0
projects/projects.js,23,js,4cf89958,Matthew Lee,2026-05-01,17:04:35,-07:00,2026-05-01T17:04:35-07:00,0,38
projects/projects.js,24,js,4cf89958,Matthew Lee,2026-05-01,17:04:35,-07:00,2026-05-01T17:04:35-07:00,1,28
projects/projects.js,25,js,4cf89958,Matthew Lee,2026-05-01,17:04:35,-07:00,2026-05-01T17:04:35-07:00,2,12
projects/projects.js,26,js,4cf89958,Matthew Lee,2026-05-01,17:04:35,-07:00,2026-05-01T17:04:35-07:00,2,14
projects/projects.js,27,js,4cf89958,Matthew Lee,2026-05-01,17:04:35,-07:00,2026-05-01T17:04:35-07:00,2,20
projects/projects.js,28,js,4cf89958,Matthew Lee,2026-05-01,17:04:35,-07:00,2026-05-01T17:04:35-07:00,1,0
projects/projects.js,29,js,4cf89958,Matthew Lee,2026-05-01,17:04:35,-07:00,2026-05-01T17:04:35-07:00,0,0
projects/projects.js,30,js,4cf89958,Matthew Lee,2026-05-01,17:04:35,-07:00,2026-05-01T17:04:35-07:00,1,21
projects/projects.js,31,js,4cf89958,Matthew Lee,2026-05-01,17:04:35,-07:00,2026-05-01T17:04:35-07:00,2,54
projects/projects.js,32,js,4cf89958,Matthew Lee,2026-05-01,17:04:35,-07:00,2026-05-01T17:04:35-07:00,2,49
projects/projects.js,33,js,4cf89958,Matthew Lee,2026-05-01,17:04:35,-07:00,2026-05-01T17:04:35-07:00,0,0
projects/projects.js,34,js,4cf89958,Matthew Lee,2026-05-01,17:04:35,-07:00,2026-05-01T17:04:35-07:00,1,82
projects/projects.js,35,js,4cf89958,Matthew Lee,2026-05-01,17:04:35,-07:00,2026-05-01T17:04:35-07:00,0,0
projects/projects.js,36,js,4cf89958,Matthew Lee,2026-05-01,17:04:35,-07:00,2026-05-01T17:04:35-07:00,1,41
projects/projects.js,37,js,4cf89958,Matthew Lee,2026-05-01,17:04:35,-07:00,2026-05-01T17:04:35-07:00,1,24
projects/projects.js,38,js,4cf89958,Matthew Lee,2026-05-01,17:04:35,-07:00,2026-05-01T17:04:35-07:00,1,50
projects/projects.js,39,js,4cf89958,Matthew Lee,2026-05-01,17:04:35,-07:00,2026-05-01T17:04:35-07:00,0,0
projects/projects.js,40,js,4cf89958,Matthew Lee,2026-05-01,17:04:35,-07:00,2026-05-01T17:04:35-07:00,1,29
projects/projects.js,41,js,4cf89958,Matthew Lee,2026-05-01,17:04:35,-07:00,2026-05-01T17:04:35-07:00,0,0
projects/projects.js,42,js,4cf89958,Matthew Lee,2026-05-01,17:04:35,-07:00,2026-05-01T17:04:35-07:00,1,1
projects/projects.js,43,js,4cf89958,Matthew Lee,2026-05-01,17:04:35,-07:00,2026-05-01T17:04:35-07:00,2,16
projects/projects.js,44,js,4cf89958,Matthew Lee,2026-05-01,17:04:35,-07:00,2026-05-01T17:04:35-07:00,2,12
projects/projects.js,45,js,4cf89958,Matthew Lee,2026-05-01,17:04:35,-07:00,2026-05-01T17:04:35-07:00,2,11
projects/projects.js,46,js,4cf89958,Matthew Lee,2026-05-01,17:04:35,-07:00,2026-05-01T17:04:35-07:00,2,13
projects/projects.js,47,js,fe1a36a8,Matthew Lee,2026-05-01,17:16:04,-07:00,2026-05-01T17:16:04-07:00,2,37
projects/projects.js,48,js,4cf89958,Matthew Lee,2026-05-01,17:04:35,-07:00,2026-05-01T17:04:35-07:00,2,40
projects/projects.js,49,js,fe1a36a8,Matthew Lee,2026-05-01,17:16:04,-07:00,2026-05-01T17:16:04-07:00,2,25
projects/projects.js,50,js,fe1a36a8,Matthew Lee,2026-05-01,17:16:04,-07:00,2026-05-01T17:16:04-07:00,3,45
projects/projects.js,51,js,fe1a36a8,Matthew Lee,2026-05-01,17:16:04,-07:00,2026-05-01T17:16:04-07:00,3,29
projects/projects.js,52,js,fe1a36a8,Matthew Lee,2026-05-01,17:16:04,-07:00,2026-05-01T17:16:04-07:00,3,38
projects/projects.js,53,js,fe1a36a8,Matthew Lee,2026-05-01,17:16:04,-07:00,2026-05-01T17:16:04-07:00,3,15
projects/projects.js,54,js,fe1a36a8,Matthew Lee,2026-05-01,17:16:04,-07:00,2026-05-01T17:16:04-07:00,3,34
projects/projects.js,55,js,fe1a36a8,Matthew Lee,2026-05-01,17:16:04,-07:00,2026-05-01T17:16:04-07:00,3,34
projects/projects.js,56,js,fe1a36a8,Matthew Lee,2026-05-01,17:16:04,-07:00,2026-05-01T17:16:04-07:00,3,31
projects/projects.js,57,js,fe1a36a8,Matthew Lee,2026-05-01,17:16:04,-07:00,2026-05-01T17:16:04-07:00,2,0
projects/projects.js,58,js,4cf89958,Matthew Lee,2026-05-01,17:04:35,-07:00,2026-05-01T17:04:35-07:00,2,56
projects/projects.js,59,js,4cf89958,Matthew Lee,2026-05-01,17:04:35,-07:00,2026-05-01T17:04:35-07:00,2,27
projects/projects.js,60,js,4cf89958,Matthew Lee,2026-05-01,17:04:35,-07:00,2026-05-01T17:04:35-07:00,3,65
projects/projects.js,61,js,4cf89958,Matthew Lee,2026-05-01,17:04:35,-07:00,2026-05-01T17:04:35-07:00,3,9
projects/projects.js,62,js,4cf89958,Matthew Lee,2026-05-01,17:04:35,-07:00,2026-05-01T17:04:35-07:00,2,1
projects/projects.js,63,js,4cf89958,Matthew Lee,2026-05-01,17:04:35,-07:00,2026-05-01T17:04:35-07:00,0,0
projects/projects.js,64,js,4cf89958,Matthew Lee,2026-05-01,17:04:35,-07:00,2026-05-01T17:04:35-07:00,1,30
projects/projects.js,65,js,4cf89958,Matthew Lee,2026-05-01,17:04:35,-07:00,2026-05-01T17:04:35-07:00,0,0
projects/projects.js,66,js,4cf89958,Matthew Lee,2026-05-01,17:04:35,-07:00,2026-05-01T17:04:35-07:00,1,4
projects/projects.js,67,js,4cf89958,Matthew Lee,2026-05-01,17:04:35,-07:00,2026-05-01T17:04:35-07:00,2,14
projects/projects.js,68,js,4cf89958,Matthew Lee,2026-05-01,17:04:35,-07:00,2026-05-01T17:04:35-07:00,2,9
projects/projects.js,69,js,4cf89958,Matthew Lee,2026-05-01,17:04:35,-07:00,2026-05-01T17:04:35-07:00,2,9
projects/projects.js,70,js,4cf89958,Matthew Lee,2026-05-01,17:04:35,-07:00,2026-05-01T17:04:35-07:00,2,49
projects/projects.js,71,js,4cf89958,Matthew Lee,2026-05-01,17:04:35,-07:00,2026-05-01T17:04:35-07:00,2,51
projects/projects.js,72,js,4cf89958,Matthew Lee,2026-05-01,17:04:35,-07:00,2026-05-01T17:04:35-07:00,2,75
projects/projects.js,73,js,4cf89958,Matthew Lee,2026-05-01,17:04:35,-07:00,2026-05-01T17:04:35-07:00,2,27
projects/projects.js,74,js,4cf89958,Matthew Lee,2026-05-01,17:04:35,-07:00,2026-05-01T17:04:35-07:00,3,55
projects/projects.js,75,js,4cf89958,Matthew Lee,2026-05-01,17:04:35,-07:00,2026-05-01T17:04:35-07:00,3,9
projects/projects.js,76,js,4cf89958,Matthew Lee,2026-05-01,17:04:35,-07:00,2026-05-01T17:04:35-07:00,2,1
projects/projects.js,77,js,4cf89958,Matthew Lee,2026-05-01,17:04:35,-07:00,2026-05-01T17:04:35-07:00,0,0
projects/projects.js,78,js,4cf89958,Matthew Lee,2026-05-01,17:04:35,-07:00,2026-05-01T17:04:35-07:00,0,0
projects/projects.js,79,js,4cf89958,Matthew Lee,2026-05-01,17:04:35,-07:00,2026-05-01T17:04:35-07:00,0,19
projects/projects.js,80,js,15a66fe3,Matthew Lee,2026-05-01,17:09:11,-07:00,2026-05-01T17:09:11-07:00,1,55
projects/projects.js,81,js,15a66fe3,Matthew Lee,2026-05-01,17:09:11,-07:00,2026-05-01T17:09:11-07:00,1,30
projects/projects.js,82,js,15a66fe3,Matthew Lee,2026-05-01,17:09:11,-07:00,2026-05-01T17:09:11-07:00,2,90
projects/projects.js,83,js,15a66fe3,Matthew Lee,2026-05-01,17:09:11,-07:00,2026-05-01T17:09:11-07:00,0,0
projects/projects.js,84,js,15a66fe3,Matthew Lee,2026-05-01,17:09:11,-07:00,2026-05-01T17:09:11-07:00,1,30
projects/projects.js,85,js,15a66fe3,Matthew Lee,2026-05-01,17:09:11,-07:00,2026-05-01T17:09:11-07:00,2,18
projects/projects.js,86,js,15a66fe3,Matthew Lee,2026-05-01,17:09:11,-07:00,2026-05-01T17:09:11-07:00,1,0
projects/projects.js,87,js,4cf89958,Matthew Lee,2026-05-01,17:04:35,-07:00,2026-05-01T17:04:35-07:00,0,0
projects/projects.js,88,js,15a66fe3,Matthew Lee,2026-05-01,17:09:11,-07:00,2026-05-01T17:09:11-07:00,1,23
projects/projects.js,89,js,15a66fe3,Matthew Lee,2026-05-01,17:09:11,-07:00,2026-05-01T17:09:11-07:00,2,19
projects/projects.js,90,js,15a66fe3,Matthew Lee,2026-05-01,17:09:11,-07:00,2026-05-01T17:09:11-07:00,3,21
projects/projects.js,91,js,15a66fe3,Matthew Lee,2026-05-01,17:09:11,-07:00,2026-05-01T17:09:11-07:00,3,81
projects/projects.js,92,js,15a66fe3,Matthew Lee,2026-05-01,17:09:11,-07:00,2026-05-01T17:09:11-07:00,0,0
projects/projects.js,93,js,15a66fe3,Matthew Lee,2026-05-01,17:09:11,-07:00,2026-05-01T17:09:11-07:00,1,57
projects/projects.js,94,js,1287efd6,Matthew Lee,2026-05-01,16:02:55,-07:00,2026-05-01T16:02:55-07:00,0,0
projects/projects.js,95,js,1287efd6,Matthew Lee,2026-05-01,16:02:55,-07:00,2026-05-01T16:02:55-07:00,1,18
projects/projects.js,96,js,15a66fe3,Matthew Lee,2026-05-01,17:09:11,-07:00,2026-05-01T17:09:11-07:00,2,67
projects/projects.js,97,js,1287efd6,Matthew Lee,2026-05-01,16:02:55,-07:00,2026-05-01T16:02:55-07:00,1,0
projects/projects.js,98,js,4cf89958,Matthew Lee,2026-05-01,17:04:35,-07:00,2026-05-01T17:04:35-07:00,0,0
projects/projects.js,99,js,15a66fe3,Matthew Lee,2026-05-01,17:09:11,-07:00,2026-05-01T17:09:11-07:00,1,83
projects/projects.js,100,js,15a66fe3,Matthew Lee,2026-05-01,17:09:11,-07:00,2026-05-01T17:09:11-07:00,1,36
projects/projects.js,101,js,4cf89958,Matthew Lee,2026-05-01,17:04:35,-07:00,2026-05-01T17:04:35-07:00,0,0
projects/projects.js,102,js,4cf89958,Matthew Lee,2026-05-01,17:04:35,-07:00,2026-05-01T17:04:35-07:00,0,0
projects/projects.js,103,js,4cf89958,Matthew Lee,2026-05-01,17:04:35,-07:00,2026-05-01T17:04:35-07:00,0,3
projects/projects.js,104,js,4cf89958,Matthew Lee,2026-05-01,17:04:35,-07:00,2026-05-01T17:04:35-07:00,1,52
projects/projects.js,105,js,4cf89958,Matthew Lee,2026-05-01,17:04:35,-07:00,2026-05-01T17:04:35-07:00,0,0
projects/projects.js,106,js,4cf89958,Matthew Lee,2026-05-01,17:04:35,-07:00,2026-05-01T17:04:35-07:00,1,9
projects/projects.js,107,js,4cf89958,Matthew Lee,2026-05-01,17:04:35,-07:00,2026-05-01T17:04:35-07:00,0,0
projects/projects.js,108,js,4cf89958,Matthew Lee,2026-05-01,17:04:35,-07:00,2026-05-01T17:04:35-07:00,1,49
projects/projects.js,109,js,4cf89958,Matthew Lee,2026-05-01,17:04:35,-07:00,2026-05-01T17:04:35-07:00,2,32
projects/projects.js,110,js,4cf89958,Matthew Lee,2026-05-01,17:04:35,-07:00,2026-05-01T17:04:35-07:00,2,9
projects/projects.js,111,js,4cf89958,Matthew Lee,2026-05-01,17:04:35,-07:00,2026-05-01T17:04:35-07:00,1,1
projects/projects.js,112,js,1287efd6,Matthew Lee,2026-05-01,16:02:55,-07:00,2026-05-01T16:02:55-07:00,0,15
projects/projects.js,113,js,1287efd6,Matthew Lee,2026-05-01,16:02:55,-07:00,2026-05-01T16:02:55-07:00,1,19
projects/projects.js,114,js,1287efd6,Matthew Lee,2026-05-01,16:02:55,-07:00,2026-05-01T16:02:55-07:00,0,0
projects/projects.js,115,js,1287efd6,Matthew Lee,2026-05-01,16:02:55,-07:00,2026-05-01T16:02:55-07:00,1,22
projects/projects.js,116,js,1287efd6,Matthew Lee,2026-05-01,16:02:55,-07:00,2026-05-01T16:02:55-07:00,2,72
projects/projects.js,117,js,1287efd6,Matthew Lee,2026-05-01,16:02:55,-07:00,2026-05-01T16:02:55-07:00,1,0
projects/projects.js,118,js,1287efd6,Matthew Lee,2026-05-01,16:02:55,-07:00,2026-05-01T16:02:55-07:00,0,0
projects/index.html,1,html,4e6f81a6,Matthew Lee,2026-04-11,17:28:09,-07:00,2026-04-11T17:28:09-07:00,0,13
projects/index.html,2,html,01c27775,Matthew Lee,2026-05-01,16:19:28,-07:00,2026-05-01T16:19:28-07:00,0,14
projects/index.html,3,html,01c27775,Matthew Lee,2026-05-01,16:19:28,-07:00,2026-05-01T16:19:28-07:00,0,4
projects/index.html,4,html,01c27775,Matthew Lee,2026-05-01,16:19:28,-07:00,2026-05-01T16:19:28-07:00,1,20
projects/index.html,5,html,01c27775,Matthew Lee,2026-05-01,16:19:28,-07:00,2026-05-01T16:19:28-07:00,1,68
projects/index.html,6,html,01c27775,Matthew Lee,2026-05-01,16:19:28,-07:00,2026-05-01T16:19:28-07:00,1,21
projects/index.html,7,html,fe1a36a8,Matthew Lee,2026-05-01,17:16:04,-07:00,2026-05-01T17:16:04-07:00,1,53
projects/index.html,8,html,01c27775,Matthew Lee,2026-05-01,16:19:28,-07:00,2026-05-01T16:19:28-07:00,0,5
projects/index.html,9,html,4e6f81a6,Matthew Lee,2026-04-11,17:28:09,-07:00,2026-04-11T17:28:09-07:00,0,4
projects/index.html,10,html,01c27775,Matthew Lee,2026-05-01,16:19:28,-07:00,2026-05-01T16:19:28-07:00,1,38
projects/index.html,11,html,4cf89958,Matthew Lee,2026-05-01,17:04:35,-07:00,2026-05-01T17:04:35-07:00,0,0
projects/index.html,12,html,4cf89958,Matthew Lee,2026-05-01,17:04:35,-07:00,2026-05-01T17:04:35-07:00,1,31
projects/index.html,13,html,4cf89958,Matthew Lee,2026-05-01,17:04:35,-07:00,2026-05-01T17:04:35-07:00,2,100
projects/index.html,14,html,4cf89958,Matthew Lee,2026-05-01,17:04:35,-07:00,2026-05-01T17:04:35-07:00,2,60
projects/index.html,15,html,4cf89958,Matthew Lee,2026-05-01,17:04:35,-07:00,2026-05-01T17:04:35-07:00,1,4
projects/index.html,16,html,4cf89958,Matthew Lee,2026-05-01,17:04:35,-07:00,2026-05-01T17:04:35-07:00,0,0
projects/index.html,17,html,4cf89958,Matthew Lee,2026-05-01,17:04:35,-07:00,2026-05-01T17:04:35-07:00,1,4
projects/index.html,18,html,4cf89958,Matthew Lee,2026-05-01,17:04:35,-07:00,2026-05-01T17:04:35-07:00,2,15
projects/index.html,19,html,4cf89958,Matthew Lee,2026-05-01,17:04:35,-07:00,2026-05-01T17:04:35-07:00,2,11
projects/index.html,20,html,4cf89958,Matthew Lee,2026-05-01,17:04:35,-07:00,2026-05-01T17:04:35-07:00,2,26
projects/index.html,21,html,fe1a36a8,Matthew Lee,2026-05-01,17:16:04,-07:00,2026-05-01T17:16:04-07:00,2,33
projects/index.html,22,html,4cf89958,Matthew Lee,2026-05-01,17:04:35,-07:00,2026-05-01T17:04:35-07:00,1,0
projects/index.html,23,html,4cf89958,Matthew Lee,2026-05-01,17:04:35,-07:00,2026-05-01T17:04:35-07:00,0,0
projects/index.html,24,html,01c27775,Matthew Lee,2026-05-01,16:19:28,-07:00,2026-05-01T16:19:28-07:00,1,26
projects/index.html,25,html,01c27775,Matthew Lee,2026-05-01,16:19:28,-07:00,2026-05-01T16:19:28-07:00,0,0
projects/index.html,26,html,fe1a36a8,Matthew Lee,2026-05-01,17:16:04,-07:00,2026-05-01T17:16:04-07:00,1,59
projects/index.html,27,html,4e6f81a6,Matthew Lee,2026-04-11,17:28:09,-07:00,2026-04-11T17:28:09-07:00,0,5
projects/index.html,28,html,4e6f81a6,Matthew Lee,2026-04-11,17:28:09,-07:00,2026-04-11T17:28:09-07:00,0,5
contact/index.html,1,html,4e6f81a6,Matthew Lee,2026-04-11,17:28:09,-07:00,2026-04-11T17:28:09-07:00,0,13
contact/index.html,2,html,4e6f81a6,Matthew Lee,2026-04-11,17:28:09,-07:00,2026-04-11T17:28:09-07:00,0,14
contact/index.html,3,html,4e6f81a6,Matthew Lee,2026-04-11,17:28:09,-07:00,2026-04-11T17:28:09-07:00,0,4
contact/index.html,4,html,4e6f81a6,Matthew Lee,2026-04-11,17:28:09,-07:00,2026-04-11T17:28:09-07:00,2,20
contact/index.html,5,html,4e6f81a6,Matthew Lee,2026-04-11,17:28:09,-07:00,2026-04-11T17:28:09-07:00,2,68
contact/index.html,6,html,4e6f81a6,Matthew Lee,2026-04-11,17:28:09,-07:00,2026-04-11T17:28:09-07:00,2,41
contact/index.html,7,html,01c27775,Matthew Lee,2026-05-01,16:19:28,-07:00,2026-05-01T16:19:28-07:00,2,48
contact/index.html,8,html,4e6f81a6,Matthew Lee,2026-04-11,17:28:09,-07:00,2026-04-11T17:28:09-07:00,2,20
contact/index.html,9,html,4e6f81a6,Matthew Lee,2026-04-11,17:28:09,-07:00,2026-04-11T17:28:09-07:00,0,5
contact/index.html,10,html,4e6f81a6,Matthew Lee,2026-04-11,17:28:09,-07:00,2026-04-11T17:28:09-07:00,0,4
contact/index.html,11,html,4e6f81a6,Matthew Lee,2026-04-11,17:28:09,-07:00,2026-04-11T17:28:09-07:00,0,0
contact/index.html,12,html,4e6f81a6,Matthew Lee,2026-04-11,17:28:09,-07:00,2026-04-11T17:28:09-07:00,2,14
contact/index.html,13,html,4e6f81a6,Matthew Lee,2026-04-11,17:28:09,-07:00,2026-04-11T17:28:09-07:00,0,0
contact/index.html,14,html,1389264b,Matthew Lee,2026-04-11,17:32:25,-07:00,2026-04-11T17:32:25-07:00,2,77
contact/index.html,15,html,1389264b,Matthew Lee,2026-04-11,17:32:25,-07:00,2026-04-11T17:32:25-07:00,4,5
contact/index.html,16,html,1389264b,Matthew Lee,2026-04-11,17:32:25,-07:00,2026-04-11T17:32:25-07:00,6,4
contact/index.html,17,html,1389264b,Matthew Lee,2026-04-11,17:32:25,-07:00,2026-04-11T17:32:25-07:00,6,31
contact/index.html,18,html,1389264b,Matthew Lee,2026-04-11,17:32:25,-07:00,2026-04-11T17:32:25-07:00,4,6
contact/index.html,19,html,1389264b,Matthew Lee,2026-04-11,17:32:25,-07:00,2026-04-11T17:32:25-07:00,0,0
contact/index.html,20,html,1389264b,Matthew Lee,2026-04-11,17:32:25,-07:00,2026-04-11T17:32:25-07:00,4,5
contact/index.html,21,html,1389264b,Matthew Lee,2026-04-11,17:32:25,-07:00,2026-04-11T17:32:25-07:00,6,6
contact/index.html,22,html,1389264b,Matthew Lee,2026-04-11,17:32:25,-07:00,2026-04-11T17:32:25-07:00,6,20
contact/index.html,23,html,1389264b,Matthew Lee,2026-04-11,17:32:25,-07:00,2026-04-11T17:32:25-07:00,4,6
contact/index.html,24,html,1389264b,Matthew Lee,2026-04-11,17:32:25,-07:00,2026-04-11T17:32:25-07:00,0,0
contact/index.html,25,html,1389264b,Matthew Lee,2026-04-11,17:32:25,-07:00,2026-04-11T17:32:25-07:00,4,5
contact/index.html,26,html,3a3a0fd3,Matthew Lee,2026-04-11,18:53:49,-07:00,2026-04-11T18:53:49-07:00,6,6
contact/index.html,27,html,1389264b,Matthew Lee,2026-04-11,17:32:25,-07:00,2026-04-11T17:32:25-07:00,6,31
contact/index.html,28,html,1389264b,Matthew Lee,2026-04-11,17:32:25,-07:00,2026-04-11T17:32:25-07:00,4,6
contact/index.html,29,html,1389264b,Matthew Lee,2026-04-11,17:32:25,-07:00,2026-04-11T17:32:25-07:00,0,0
contact/index.html,30,html,3a3a0fd3,Matthew Lee,2026-04-11,18:53:49,-07:00,2026-04-11T18:53:49-07:00,4,19
contact/index.html,31,html,1389264b,Matthew Lee,2026-04-11,17:32:25,-07:00,2026-04-11T17:32:25-07:00,2,5
contact/index.html,32,html,1389264b,Matthew Lee,2026-04-11,17:32:25,-07:00,2026-04-11T17:32:25-07:00,0,0
contact/index.html,33,html,4e6f81a6,Matthew Lee,2026-04-11,17:28:09,-07:00,2026-04-11T17:28:09-07:00,0,5
contact/index.html,34,html,4e6f81a6,Matthew Lee,2026-04-11,17:28:09,-07:00,2026-04-11T17:28:09-07:00,0,5
contact/global.js,1,js,317b4551,Matthew Lee,2026-04-17,18:43:12,-07:00,2026-04-17T18:43:12-07:00,0,25
contact/global.js,2,js,317b4551,Matthew Lee,2026-04-17,18:43:12,-07:00,2026-04-17T18:43:12-07:00,0,0
contact/global.js,3,js,317b4551,Matthew Lee,2026-04-17,18:43:12,-07:00,2026-04-17T18:43:12-07:00,0,41
contact/global.js,4,js,317b4551,Matthew Lee,2026-04-17,18:43:12,-07:00,2026-04-17T18:43:12-07:00,1,52
contact/global.js,5,js,317b4551,Matthew Lee,2026-04-17,18:43:12,-07:00,2026-04-17T18:43:12-07:00,0,0
